ID_Cliente,Recencia,Frecuencia,Monto,R_Score,F_Score,M_Score,RFM_Segmento
CLI_0001,1,5,498413,4,3,2,432
CLI_0002,63,4,601566,2,2,3,223
CLI_0003,234,1,237450,1,1,1,111
CLI_0004,107,3,199629,2,1,1,211
CLI_0005,153,3,536161,1,1,3,113
CLI_0006,86,4,386583,2,2,2,222
CLI_0007,11,9,1244702,4,4,4,444
CLI_0008,33,6,902485,3,4,4,344
CLI_0009,22,3,711464,3,1,3,313
CLI_0010,18,8,640737,4,4,3,443
CLI_0011,7,7,957423,4,4,4,444
CLI_0012,47,5,377494,3,3,2,332
CLI_0013,21,12,1105081,3,4,4,344
CLI_0015,11,2,445806,4,1,2,412
CLI_0016,17,3,266951,4,1,1,411
CLI_0017,112,2,270939,1,1,1,111
CLI_0018,7,6,1059831,4,4,4,444
CLI_0019,14,4,574239,4,2,3,423
CLI_0020,93,5,512379,2,3,2,232
CLI_0021,33,3,226841,3,1,1,311
CLI_0022,8,9,1408108,4,4,4,444
CLI_0023,12,4,413992,4,2,2,422
CLI_0024,85,2,257812,2,1,1,211
CLI_0025,34,4,439658,3,2,2,322
CLI_0026,12,7,985576,4,4,4,444
CLI_0027,53,7,784950,3,4,4,344
CLI_0028,31,7,602275,3,4,3,343
CLI_0029,48,3,650808,3,1,3,313
CLI_0030,58,2,218191,2,1,1,211
CLI_0031,9,3,318094,4,1,1,411
CLI_0032,70,4,442346,2,2,2,222
CLI_0033,352,1,72493,1,1,1,111
CLI_0034,8,4,384708,4,2,2,422
CLI_0035,17,4,394959,4,2,2,422
CLI_0036,169,1,109953,1,1,1,111
CLI_0037,92,5,385312,2,3,2,232
CLI_0038,59,5,853158,2,3,4,234
CLI_0039,12,3,243602,4,1,1,411
CLI_0040,56,3,611476,2,1,3,213
CLI_0041,74,3,198870,2,1,1,211
CLI_0042,47,5,903442,3,3,4,334
CLI_0043,133,4,622481,1,2,3,123
CLI_0044,263,1,82088,1,1,1,111
CLI_0045,7,5,822674,4,3,4,434
CLI_0046,227,2,169888,1,1,1,111
CLI_0047,49,8,837325,3,4,4,344
CLI_0048,217,5,949624,1,3,4,134
CLI_0049,91,6,895428,2,4,4,244
CLI_0050,65,2,262963,2,1,1,211
CLI_0051,8,4,425869,4,2,2,422
CLI_0052,116,4,535946,1,2,3,123
CLI_0053,19,4,602543,4,2,3,423
CLI_0054,55,5,1140650,2,3,4,234
CLI_0055,141,4,408924,1,2,2,122
CLI_0056,65,6,522670,2,4,3,243
CLI_0057,86,3,368429,2,1,2,212
CLI_0058,54,10,1033251,2,4,4,244
CLI_0059,108,4,792508,1,2,4,124
CLI_0060,1,3,465302,4,1,2,412
CLI_0061,15,2,52554,4,1,1,411
CLI_0062,29,4,687881,3,2,3,323
CLI_0063,306,1,25098,1,1,1,111
CLI_0064,272,1,108512,1,1,1,111
CLI_0065,17,5,375973,4,3,2,432
CLI_0066,42,4,797433,3,2,4,324
CLI_0067,65,2,374620,2,1,2,212
CLI_0068,325,1,84350,1,1,1,111
CLI_0069,185,5,773957,1,3,3,133
CLI_0070,68,1,323272,2,1,1,211
CLI_0071,42,3,228840,3,1,1,311
CLI_0072,92,5,631206,2,3,3,233
CLI_0073,117,5,432527,1,3,2,132
CLI_0074,251,3,811551,1,1,4,114
CLI_0075,10,2,249980,4,1,1,411
CLI_0076,8,3,429280,4,1,2,412
CLI_0077,4,8,910119,4,4,4,444
CLI_0078,172,4,462963,1,2,2,122
CLI_0079,47,7,1130181,3,4,4,344
CLI_0080,329,2,310463,1,1,1,111
CLI_0081,6,6,516422,4,4,2,442
CLI_0082,60,4,697007,2,2,3,223
CLI_0083,9,5,522081,4,3,3,433
CLI_0084,61,7,1121232,2,4,4,244
CLI_0085,43,2,232570,3,1,1,311
CLI_0086,21,1,35373,3,1,1,311
CLI_0087,56,3,430812,2,1,2,212
CLI_0088,11,3,515550,4,1,2,412
CLI_0089,11,5,715119,4,3,3,433
CLI_0090,30,4,632499,3,2,3,323
CLI_0091,152,3,231911,1,1,1,111
CLI_0092,160,2,90333,1,1,1,111
CLI_0093,5,4,475324,4,2,2,422
CLI_0094,123,4,365862,1,2,2,122
CLI_0095,29,5,899095,3,3,4,334
CLI_0096,125,5,637126,1,3,3,133
CLI_0097,207,4,467744,1,2,2,122
CLI_0098,143,3,212056,1,1,1,111
CLI_0099,20,5,872426,3,3,4,334
CLI_0100,108,5,999810,1,3,4,134
CLI_0101,19,4,529064,4,2,3,423
CLI_0102,213,1,41134,1,1,1,111
CLI_0103,6,7,1051934,4,4,4,444
CLI_0104,170,6,505819,1,4,2,142
CLI_0105,28,6,575696,3,4,3,343
CLI_0106,23,8,933087,3,4,4,344
CLI_0107,120,3,323279,1,1,1,111
CLI_0108,110,4,395641,1,2,2,122
CLI_0109,16,5,433927,4,3,2,432
CLI_0110,30,5,610336,3,3,3,333
CLI_0111,51,10,1056125,3,4,4,344
CLI_0112,66,3,293894,2,1,1,211
CLI_0113,70,3,173084,2,1,1,211
CLI_0114,52,3,526136,3,1,3,313
CLI_0115,244,2,260893,1,1,1,111
CLI_0116,74,5,230144,2,3,1,231
CLI_0117,106,4,786734,2,2,4,224
CLI_0118,21,8,1057290,3,4,4,344
CLI_0119,121,4,308794,1,2,1,121
CLI_0120,8,3,268508,4,1,1,411
CLI_0121,119,2,497356,1,1,2,112
CLI_0122,39,3,593541,3,1,3,313
CLI_0123,146,7,692318,1,4,3,143
CLI_0124,106,3,347904,2,1,2,212
CLI_0125,21,6,1370041,3,4,4,344
CLI_0126,27,4,622042,3,2,3,323
CLI_0127,56,3,334401,2,2,1,221
CLI_0128,26,11,1177048,3,4,4,344
CLI_0129,2,3,163184,4,2,1,421
CLI_0130,48,6,787278,3,4,4,344
CLI_0131,82,1,138810,2,1,1,211
CLI_0132,36,4,330348,3,2,1,321
CLI_0133,25,4,649304,3,2,3,323
CLI_0134,204,5,870758,1,3,4,134
CLI_0135,234,4,653036,1,2,3,123
CLI_0136,44,3,343443,3,2,2,322
CLI_0137,25,12,1264517,3,4,4,344
CLI_0138,60,7,649381,2,4,3,243
CLI_0139,22,4,357848,3,2,2,322
CLI_0140,16,8,1002588,4,4,4,444
CLI_0141,35,6,878679,3,4,4,344
CLI_0142,156,2,442214,1,1,2,112
CLI_0143,68,4,436130,2,2,2,222
CLI_0144,68,4,522358,2,2,3,223
CLI_0145,30,5,617435,3,3,3,333
CLI_0146,92,4,721971,2,2,3,223
CLI_0147,77,4,774857,2,2,4,224
CLI_0148,133,3,387651,1,2,2,122
CLI_0149,10,9,1098711,4,4,4,444
CLI_0150,53,5,803124,3,3,4,334
CLI_0151,71,7,946948,2,4,4,244
CLI_0152,75,6,413666,2,4,2,242
CLI_0153,87,5,622772,2,3,3,233
CLI_0154,30,5,876832,3,3,4,334
CLI_0155,317,2,339049,1,1,2,112
CLI_0156,122,3,480072,1,2,2,122
CLI_0157,54,3,185766,2,2,1,221
CLI_0158,14,5,326899,4,3,1,431
CLI_0159,134,4,623317,1,2,3,123
CLI_0160,92,5,825943,2,3,4,234
CLI_0161,29,7,1123090,3,4,4,344
CLI_0162,150,5,858062,1,3,4,134
CLI_0163,38,10,1276676,3,4,4,344
CLI_0164,16,6,935565,4,4,4,444
CLI_0165,176,4,549881,1,2,3,123
CLI_0166,16,8,1076134,4,4,4,444
CLI_0167,68,4,425229,2,2,2,222
CLI_0168,19,10,1049525,4,4,4,444
CLI_0169,67,2,453424,2,1,2,212
CLI_0170,48,3,552322,3,2,3,323
CLI_0171,12,2,233157,4,1,1,411
CLI_0172,4,3,366926,4,2,2,422
CLI_0173,37,6,820642,3,4,4,344
CLI_0174,266,1,51619,1,1,1,111
CLI_0175,160,4,438028,1,2,2,122
CLI_0176,93,4,720178,2,2,3,223
CLI_0177,22,5,757249,3,3,3,333
CLI_0178,9,9,1184441,4,4,4,444
CLI_0179,33,5,524833,3,3,3,333
CLI_0180,31,2,349320,3,1,2,312
CLI_0181,56,9,939265,2,4,4,244
CLI_0182,16,4,541244,4,2,3,423
CLI_0183,82,4,313543,2,2,1,221
CLI_0184,48,2,257911,3,1,1,311
CLI_0185,149,2,313062,1,1,1,111
CLI_0186,59,6,528424,2,4,3,243
CLI_0187,28,6,702440,3,4,3,343
CLI_0188,73,8,863054,2,4,4,244
CLI_0189,247,3,338676,1,2,2,122
CLI_0190,14,5,515448,4,3,2,432
CLI_0191,10,4,493913,4,2,2,422
CLI_0192,84,10,1375360,2,4,4,244
CLI_0193,1,3,245176,4,2,1,421
CLI_0194,51,5,759499,3,3,3,333
CLI_0195,11,3,225877,4,2,1,421
CLI_0196,8,4,366848,4,3,2,432
CLI_0197,30,3,260712,3,2,1,321
CLI_0198,57,4,391889,2,3,2,232
CLI_0199,152,3,401431,1,2,2,122
CLI_0200,84,2,197299,2,1,1,211
CLI_0201,211,2,444370,1,1,2,112
CLI_0202,61,3,257544,2,2,1,221
CLI_0203,15,6,1102537,4,4,4,444
CLI_0204,99,6,672150,2,4,3,243
CLI_0205,266,2,400991,1,1,2,112
CLI_0206,12,3,231608,4,2,1,421
CLI_0207,96,7,1326961,2,4,4,244
CLI_0208,28,3,508585,3,2,2,322
CLI_0209,12,4,645763,4,3,3,433
CLI_0210,14,5,929854,4,3,4,434
CLI_0211,9,3,181618,4,2,1,421
CLI_0212,318,1,92820,1,1,1,111
CLI_0213,8,3,335018,4,2,1,421
CLI_0214,2,4,401207,4,3,2,432
CLI_0215,15,8,889358,4,4,4,444
CLI_0216,36,7,577330,3,4,3,343
CLI_0217,27,5,492424,3,3,2,332
CLI_0218,71,8,704381,2,4,3,243
CLI_0219,40,5,361500,3,3,2,332
CLI_0220,47,4,523753,3,3,3,333
CLI_0221,30,6,694443,3,4,3,343
CLI_0222,1,3,209868,4,2,1,421
CLI_0223,5,4,539528,4,3,3,433
CLI_0224,98,7,842026,2,4,4,244
CLI_0225,152,4,423820,1,3,2,132
CLI_0226,159,4,252667,1,3,1,131
CLI_0227,35,4,513377,3,3,2,332
CLI_0228,53,4,378878,3,3,2,332
CLI_0229,26,6,378491,3,4,2,342
CLI_0230,74,2,130771,2,1,1,211
CLI_0231,148,4,684682,1,3,3,133
CLI_0232,27,4,667228,3,3,3,333
CLI_0233,82,3,542317,2,2,3,223
CLI_0234,10,4,822159,4,3,4,434
CLI_0235,64,4,774139,2,3,4,234
CLI_0236,102,5,664859,2,3,3,233
CLI_0237,10,7,738367,4,4,3,443
CLI_0238,8,6,1159071,4,4,4,444
CLI_0239,110,4,478850,1,3,2,132
CLI_0240,136,1,84614,1,1,1,111
CLI_0241,49,4,517002,3,3,2,332
CLI_0242,57,6,764045,2,4,3,243
CLI_0243,139,4,406197,1,3,2,132
CLI_0244,213,2,122657,1,1,1,111
CLI_0245,70,5,528033,2,3,3,233
CLI_0246,128,3,583554,1,2,3,123
CLI_0247,22,7,1354170,3,4,4,344
CLI_0249,3,3,905873,4,2,4,424
CLI_0250,3,1,113764,4,1,1,411
CLI_0251,152,4,560351,1,3,3,133
CLI_0252,21,2,155217,3,1,1,311
CLI_0253,4,4,549596,4,3,3,433
CLI_0254,148,2,298727,1,1,1,111
CLI_0255,22,5,890374,3,3,4,334
CLI_0256,22,5,848009,3,3,4,334
CLI_0257,22,5,506041,3,3,2,332
CLI_0258,30,5,502393,3,3,2,332
CLI_0259,26,3,427309,3,2,2,322
CLI_0260,328,1,173094,1,1,1,111
CLI_0261,3,2,191686,4,1,1,411
CLI_0262,25,2,223555,3,1,1,311
CLI_0263,90,5,736132,2,4,3,243
CLI_0264,3,6,850105,4,4,4,444
CLI_0265,61,4,520662,2,3,2,232
CLI_0266,52,5,606506,3,4,3,343
CLI_0267,95,2,283543,2,1,1,211
CLI_0268,33,3,783073,3,2,4,324
CLI_0269,80,1,149316,2,1,1,211
CLI_0270,12,5,526428,4,4,3,443
CLI_0271,82,6,985650,2,4,4,244
CLI_0272,72,7,919568,2,4,4,244
CLI_0273,128,7,628882,1,4,3,143
CLI_0274,9,3,245771,4,2,1,421
CLI_0275,175,4,783655,1,3,4,134
CLI_0276,158,5,640567,1,4,3,143
CLI_0277,6,4,610292,4,3,3,433
CLI_0278,79,4,355229,2,3,2,232
CLI_0279,27,3,163359,3,2,1,321
CLI_0280,142,7,697816,1,4,3,143
CLI_0281,2,6,867457,4,4,4,444
CLI_0282,196,3,453319,1,2,2,122
CLI_0283,18,8,1592781,4,4,4,444
CLI_0284,320,1,140940,1,1,1,111
CLI_0285,65,4,271162,2,3,1,231
CLI_0286,2,4,578392,4,3,3,433
CLI_0287,48,4,305239,3,3,1,331
CLI_0288,262,3,351389,1,2,2,122
CLI_0289,227,7,432804,1,4,2,142
CLI_0290,9,4,581641,4,3,3,433
CLI_0291,185,4,720582,1,3,3,133
CLI_0292,112,4,892227,1,3,4,134
CLI_0293,45,8,827538,3,4,4,344
CLI_0294,83,4,739649,2,3,3,233
CLI_0295,176,5,423053,1,4,2,142
CLI_0296,91,3,618994,2,2,3,223
CLI_0297,65,6,578042,2,4,3,243
CLI_0298,3,3,468982,4,2,2,422
CLI_0299,118,4,273389,1,3,1,131
CLI_0300,9,3,392807,4,2,2,422
