ID_Factura,Fecha_Venta,ID_Cliente,Categoria_Producto,Precio_Unitario,Cantidad,Canal_Venta,Total_Venta
FAC_1038,2025-09-07,CLI_0215,Forros_Asiento,133321,1,Tienda Física,133321
FAC_2055,2026-06-15,CLI_0170,Accesorios,25055,1,Tienda Física,25055
FAC_1602,2026-06-07,CLI_0053,Forros_Asiento,140996,2,Tienda Física,281992
FAC_1697,2026-06-11,CLI_0264,Forros_Asiento,164232,2,Tienda Física,328464
FAC_1888,2026-02-06,CLI_0002,Cubre_Volantes,48701,1,Tienda Física,48701
FAC_1392,2026-04-28,CLI_0218,Forros_Asiento,143078,1,Tienda Física,143078
FAC_1862,2026-05-02,CLI_0271,Forros_Asiento,152590,1,Tienda Física,152590
FAC_1750,2025-11-15,CLI_0208,Tapetes,148265,1,WhatsApp,148265
FAC_1935,2026-03-15,CLI_0188,Tapetes,88916,1,Tienda Física,88916
FAC_1656,2025-10-01,CLI_0163,Forros_Asiento,158731,2,WhatsApp,317462
FAC_1284,2025-11-27,CLI_0028,Tapetes,86798,1,WhatsApp,86798
FAC_1001,2025-09-17,CLI_0062,Tapetes,80927,1,Tienda Física,80927
FAC_1125,2026-06-28,CLI_0227,Accesorios,27086,1,Tienda Física,27086
FAC_2015,2025-09-14,CLI_0255,Accesorios,25903,2,Tienda Física,51806
FAC_1770,2026-04-16,CLI_0179,Forros_Asiento,140776,1,Tienda Física,140776
FAC_1455,2026-08-01,CLI_0222,Tapetes,85779,1,Tienda Física,85779
FAC_1802,2026-01-23,CLI_0013,Forros_Asiento,72941,1,Tienda Física,72941
FAC_2063,2025-09-13,CLI_0134,Forros_Asiento,157521,2,Tienda Física,315042
FAC_1312,2026-05-25,CLI_0128,Forros_Asiento,164439,1,WhatsApp,164439
FAC_1009,2025-12-31,CLI_0165,Accesorios,18362,1,WhatsApp,18362
FAC_1820,2026-05-02,CLI_0160,Forros_Asiento,140009,1,Tienda Física,140009
FAC_1194,2026-07-27,CLI_0081,Tapetes,78554,1,Tienda Física,78554
FAC_1268,2025-08-05,CLI_0224,Forros_Asiento,43012,1,Web,43012
FAC_1805,2025-11-25,CLI_0160,Forros_Asiento,149479,1,Tienda Física,149479
FAC_2073,2026-07-11,CLI_0255,Tapetes,83178,1,WhatsApp,83178
FAC_2043,2026-03-19,CLI_0240,Tapetes,84614,1,WhatsApp,84614
FAC_1508,2026-04-28,CLI_0259,Forros_Asiento,179007,1,Tienda Física,179007
FAC_1070,2026-04-26,CLI_0147,Tapetes,85077,1,Tienda Física,85077
FAC_1728,2026-07-21,CLI_0039,Forros_Asiento,147848,1,Web,147848
FAC_1388,2026-05-18,CLI_0151,Forros_Asiento,138251,1,Tienda Física,138251
FAC_1858,2025-10-06,CLI_0140,Tapetes,82241,1,Tienda Física,82241
FAC_1208,2025-10-18,CLI_0116,Accesorios,25626,1,Tienda Física,25626
FAC_1522,2026-06-18,CLI_0227,Tapetes,153394,2,Tienda Física,306788
FAC_1723,2025-10-07,CLI_0163,Cubre_Volantes,44356,1,WhatsApp,44356
FAC_1849,2026-01-14,CLI_0277,Forros_Asiento,135379,2,Tienda Física,270758
FAC_1614,2026-02-25,CLI_0128,Tapetes,163008,2,Tienda Física,326016
FAC_1736,2026-07-25,CLI_0238,Forros_Asiento,129451,1,Tienda Física,129451
FAC_1652,2025-11-23,CLI_0027,Cubre_Volantes,49097,1,WhatsApp,49097
FAC_1852,2026-05-08,CLI_0147,Tapetes,82750,3,Tienda Física,248250
FAC_2175,2025-11-26,CLI_0006,Accesorios,20541,1,Tienda Física,20541
FAC_2072,2026-03-29,CLI_0181,Forros_Asiento,148138,2,Tienda Física,296276
FAC_1276,2026-02-01,CLI_0058,Forros_Asiento,160651,1,Web,160651
FAC_1555,2025-10-20,CLI_0151,Forros_Asiento,159526,1,Tienda Física,159526
FAC_1399,2025-11-13,CLI_0299,Tapetes,88041,1,WhatsApp,88041
FAC_1223,2026-06-23,CLI_0013,Tapetes,79330,1,Tienda Física,79330
FAC_1115,2026-02-23,CLI_0092,Accesorios,24211,2,Tienda Física,48422
FAC_1145,2026-05-23,CLI_0186,Tapetes,74798,2,Tienda Física,149596
FAC_1156,2026-07-02,CLI_0180,Forros_Asiento,143782,1,Tienda Física,143782
FAC_1093,2026-05-15,CLI_0047,Forros_Asiento,139044,1,WhatsApp,139044
FAC_1418,2025-10-31,CLI_0058,Forros_Asiento,130381,1,Tienda Física,130381
FAC_2152,2026-05-08,CLI_0058,Forros_Asiento,138422,2,Web,276844
FAC_1225,2026-03-09,CLI_0089,Tapetes,82285,1,WhatsApp,82285
FAC_2087,2025-12-13,CLI_0247,Forros_Asiento,181832,2,Tienda Física,363664
FAC_1913,2025-10-31,CLI_0047,Tapetes,79219,1,Tienda Física,79219
FAC_2153,2025-10-27,CLI_0218,Accesorios,24406,2,WhatsApp,48812
FAC_1144,2026-07-21,CLI_0023,Accesorios,23796,1,Tienda Física,23796
FAC_1111,2026-07-16,CLI_0016,Tapetes,101435,1,Tienda Física,101435
FAC_1487,2026-01-02,CLI_0152,Tapetes,85593,1,WhatsApp,85593
FAC_1649,2026-04-27,CLI_0101,Tapetes,86929,1,WhatsApp,86929
FAC_1263,2025-10-25,CLI_0285,Accesorios,22137,1,Tienda Física,22137
FAC_1603,2026-01-30,CLI_0264,Forros_Asiento,142703,1,Tienda Física,142703
FAC_1450,2025-12-23,CLI_0164,Forros_Asiento,156729,1,Tienda Física,156729
FAC_1830,2026-07-12,CLI_0013,Cubre_Volantes,44020,2,WhatsApp,88040
FAC_1032,2026-06-02,CLI_0084,Forros_Asiento,159492,1,WhatsApp,159492
FAC_1566,2026-05-12,CLI_0233,Forros_Asiento,146411,2,WhatsApp,292822
FAC_1016,2025-11-28,CLI_0052,Forros_Asiento,151553,1,Tienda Física,151553
FAC_1186,2026-02-16,CLI_0025,Forros_Asiento,69767,1,Tienda Física,69767
FAC_1365,2026-04-14,CLI_0239,Forros_Asiento,177204,1,Tienda Física,177204
FAC_1054,2026-06-12,CLI_0007,Accesorios,22944,1,Tienda Física,22944
FAC_1109,2026-06-12,CLI_0194,Forros_Asiento,163293,1,Tienda Física,163293
FAC_1047,2026-05-01,CLI_0217,Forros_Asiento,167315,1,Tienda Física,167315
FAC_1193,2026-01-12,CLI_0182,Forros_Asiento,147542,2,WhatsApp,295084
FAC_1642,2025-10-05,CLI_0173,Forros_Asiento,139134,1,Tienda Física,139134
FAC_2158,2025-10-04,CLI_0001,Tapetes,87743,1,WhatsApp,87743
FAC_2126,2026-04-18,CLI_0117,Forros_Asiento,141761,1,Web,141761
FAC_1493,2026-01-12,CLI_0203,Forros_Asiento,151044,2,Web,302088
FAC_1632,2025-08-27,CLI_0047,Forros_Asiento,142921,1,WhatsApp,142921
FAC_2077,2026-03-17,CLI_0259,Tapetes,103302,1,Web,103302
FAC_1296,2026-04-02,CLI_0156,Forros_Asiento,148336,2,Tienda Física,296672
FAC_2014,2026-03-20,CLI_0178,Forros_Asiento,131863,2,Tienda Física,263726
FAC_2016,2026-01-01,CLI_0145,Forros_Asiento,145149,1,Tienda Física,145149
FAC_2075,2025-12-18,CLI_0046,Tapetes,72126,2,Tienda Física,144252
FAC_1445,2026-01-30,CLI_0010,Cubre_Volantes,52581,1,Web,52581
FAC_1626,2025-09-15,CLI_0224,Accesorios,27948,1,Web,27948
FAC_2045,2026-06-28,CLI_0283,Forros_Asiento,140763,2,Tienda Física,281526
FAC_1127,2026-06-20,CLI_0133,Forros_Asiento,155136,3,Web,465408
FAC_1307,2025-09-01,CLI_0078,Tapetes,81174,1,Tienda Física,81174
FAC_1285,2025-09-26,CLI_0288,Forros_Asiento,136918,1,Tienda Física,136918
FAC_1518,2026-02-15,CLI_0118,Forros_Asiento,149975,1,WhatsApp,149975
FAC_1621,2026-03-30,CLI_0207,Forros_Asiento,141551,3,WhatsApp,424653
FAC_1829,2025-10-23,CLI_0098,Tapetes,86726,1,WhatsApp,86726
FAC_1019,2026-06-27,CLI_0249,Tapetes,87135,1,Tienda Física,87135
FAC_1237,2025-10-31,CLI_0051,Accesorios,29071,1,WhatsApp,29071
FAC_2109,2025-10-11,CLI_0273,Accesorios,28030,1,Tienda Física,28030
FAC_2003,2025-11-09,CLI_0205,Tapetes,84947,1,Tienda Física,84947
FAC_2167,2025-10-28,CLI_0151,Tapetes,89123,1,Tienda Física,89123
FAC_2004,2026-06-15,CLI_0184,Forros_Asiento,155498,1,Tienda Física,155498
FAC_1748,2026-07-18,CLI_0061,Accesorios,26169,1,Tienda Física,26169
FAC_1137,2026-02-04,CLI_0022,Forros_Asiento,142046,1,Tienda Física,142046
FAC_1397,2026-05-03,CLI_0034,Forros_Asiento,128488,1,Tienda Física,128488
FAC_2196,2026-06-14,CLI_0047,Forros_Asiento,140621,1,WhatsApp,140621
FAC_1982,2026-05-07,CLI_0257,Forros_Asiento,148315,1,Tienda Física,148315
FAC_1011,2025-08-25,CLI_0056,Tapetes,85201,1,Tienda Física,85201
FAC_1891,2026-07-03,CLI_0154,Tapetes,79674,1,Tienda Física,79674
FAC_1056,2026-07-08,CLI_0015,Forros_Asiento,144626,2,Tienda Física,289252
FAC_1653,2025-09-29,CLI_0273,Accesorios,25649,1,Tienda Física,25649
FAC_1697,2025-12-24,CLI_0067,Forros_Asiento,175307,2,WhatsApp,350614
FAC_2130,2026-06-12,CLI_0111,Tapetes,98283,1,WhatsApp,98283
FAC_2054,2025-09-14,CLI_0229,Forros_Asiento,84904,1,Web,84904
FAC_1870,2026-02-25,CLI_0137,Forros_Asiento,137571,1,Tienda Física,137571
FAC_1945,2025-08-02,CLI_0062,Tapetes,84925,1,Web,84925
FAC_1457,2025-11-03,CLI_0300,Tapetes,70810,1,Tienda Física,70810
FAC_1336,2025-12-21,CLI_0020,Cubre_Volantes,40906,2,Tienda Física,81812
FAC_1021,2026-02-13,CLI_0293,Forros_Asiento,127135,2,Tienda Física,254270
FAC_1273,2026-05-17,CLI_0178,Forros_Asiento,48968,1,Tienda Física,48968
FAC_1141,2026-07-14,CLI_0168,Tapetes,73098,1,WhatsApp,73098
FAC_1387,2025-12-28,CLI_0038,Forros_Asiento,166594,2,Tienda Física,333188
FAC_2039,2025-11-06,CLI_0229,Cubre_Volantes,47606,1,Tienda Física,47606
FAC_1846,2026-05-03,CLI_0296,Forros_Asiento,145946,2,Tienda Física,291892
FAC_1233,2026-03-29,CLI_0023,Accesorios,25625,2,Tienda Física,51250
FAC_1453,2025-10-07,CLI_0104,Tapetes,74710,1,Tienda Física,74710
FAC_1229,2026-06-19,CLI_0179,Tapetes,69127,1,Tienda Física,69127
FAC_1869,2026-02-14,CLI_0231,Forros_Asiento,157640,2,Tienda Física,315280
FAC_2180,2025-11-28,CLI_0289,Cubre_Volantes,48726,2,Tienda Física,97452
FAC_1529,2026-05-31,CLI_0118,Tapetes,89071,1,WhatsApp,89071
FAC_1168,2026-07-30,CLI_0261,Forros_Asiento,169304,1,Tienda Física,169304
FAC_1782,2025-10-11,CLI_0282,Forros_Asiento,96308,3,Tienda Física,288924
FAC_1859,2026-05-23,CLI_0218,Forros_Asiento,123319,2,Tienda Física,246638
FAC_1433,2025-09-07,CLI_0127,Tapetes,89088,1,Tienda Física,89088
FAC_1986,2025-08-25,CLI_0029,Tapetes,73597,3,Tienda Física,220791
FAC_1976,2026-07-17,CLI_0182,Accesorios,23431,1,WhatsApp,23431
FAC_1232,2025-08-04,CLI_0149,Forros_Asiento,134180,1,Tienda Física,134180
FAC_1609,2026-03-23,CLI_0210,Forros_Asiento,162347,1,Tienda Física,162347
FAC_1074,2025-08-25,CLI_0251,Cubre_Volantes,43004,1,Tienda Física,43004
FAC_1660,2026-07-04,CLI_0161,Forros_Asiento,109546,1,Tienda Física,109546
FAC_2099,2025-11-23,CLI_0084,Forros_Asiento,76353,1,Tienda Física,76353
FAC_1696,2026-04-12,CLI_0049,Tapetes,85933,2,Tienda Física,171866
FAC_2013,2026-07-24,CLI_0211,Forros_Asiento,129559,1,Tienda Física,129559
FAC_1464,2026-05-26,CLI_0144,Tapetes,72813,2,Tienda Física,145626
FAC_1749,2025-12-06,CLI_0194,Forros_Asiento,146175,2,Tienda Física,292350
FAC_1982,2026-02-11,CLI_0132,Tapetes,98529,1,Tienda Física,98529
FAC_1974,2025-11-04,CLI_0162,Forros_Asiento,24625,1,Tienda Física,24625
FAC_1761,2025-11-16,CLI_0008,Forros_Asiento,157279,1,Tienda Física,157279
FAC_1036,2026-06-08,CLI_0054,Forros_Asiento,160825,1,Tienda Física,160825
FAC_2044,2026-02-18,CLI_0264,Forros_Asiento,86217,2,Tienda Física,172434
FAC_1141,2025-09-15,CLI_0165,Forros_Asiento,160664,1,Tienda Física,160664
FAC_1550,2026-03-25,CLI_0263,Tapetes,79870,1,WhatsApp,79870
FAC_1504,2025-12-07,CLI_0197,Accesorios,28418,2,Tienda Física,56836
FAC_1769,2025-09-05,CLI_0020,Forros_Asiento,169736,1,WhatsApp,169736
FAC_2000,2026-01-11,CLI_0280,Tapetes,67303,2,Tienda Física,134606
FAC_1130,2026-02-26,CLI_0224,Tapetes,84830,1,Tienda Física,84830
FAC_1599,2025-11-15,CLI_0237,Forros_Asiento,154617,1,Tienda Física,154617
FAC_2063,2026-05-24,CLI_0154,Forros_Asiento,134989,2,Tienda Física,269978
FAC_1414,2025-11-09,CLI_0017,Forros_Asiento,125556,1,Tienda Física,125556
FAC_2115,2026-06-10,CLI_0027,Tapetes,80228,1,Web,80228
FAC_1024,2026-01-30,CLI_0130,Tapetes,81441,2,Tienda Física,162882
FAC_1647,2025-08-06,CLI_0282,Accesorios,25466,1,Tienda Física,25466
FAC_1404,2026-01-04,CLI_0187,Accesorios,27061,1,Tienda Física,27061
FAC_1827,2026-02-05,CLI_0246,Tapetes,102691,1,Tienda Física,102691
FAC_1195,2026-04-07,CLI_0073,Tapetes,23799,3,Tienda Física,71397
FAC_1330,2025-12-11,CLI_0042,Accesorios,29937,1,Tienda Física,29937
FAC_1837,2026-04-12,CLI_0017,Forros_Asiento,145383,1,Web,145383
FAC_1466,2026-06-27,CLI_0216,Tapetes,86510,1,WhatsApp,86510
FAC_2023,2026-06-06,CLI_0198,Tapetes,91840,2,Web,183680
FAC_1839,2026-07-21,CLI_0026,Cubre_Volantes,51096,2,Tienda Física,102192
FAC_1256,2026-03-26,CLI_0270,Accesorios,27046,1,Tienda Física,27046
FAC_1117,2025-09-09,CLI_0215,Accesorios,24518,1,WhatsApp,24518
FAC_1687,2026-01-01,CLI_0103,Accesorios,24832,1,Tienda Física,24832
FAC_1826,2026-02-16,CLI_0039,Tapetes,67319,1,Tienda Física,67319
FAC_1799,2026-04-19,CLI_0210,Tapetes,79470,2,Tienda Física,158940
FAC_1452,2026-03-30,CLI_0096,Forros_Asiento,151234,2,WhatsApp,302468
FAC_2042,2026-05-24,CLI_0245,Cubre_Volantes,50504,1,Tienda Física,50504
FAC_1457,2026-01-18,CLI_0065,Tapetes,79239,1,Tienda Física,79239
FAC_1849,2025-09-07,CLI_0146,Forros_Asiento,129833,1,Tienda Física,129833
FAC_1731,2026-01-30,CLI_0140,Forros_Asiento,120994,1,Web,120994
FAC_1141,2025-11-05,CLI_0295,Forros_Asiento,26407,1,WhatsApp,26407
FAC_1888,2025-10-07,CLI_0153,Cubre_Volantes,55393,1,WhatsApp,55393
FAC_1798,2026-03-16,CLI_0243,Forros_Asiento,167072,1,Tienda Física,167072
FAC_1314,2026-06-14,CLI_0241,Forros_Asiento,142236,1,Web,142236
FAC_2126,2025-12-29,CLI_0089,Accesorios,30589,1,Tienda Física,30589
FAC_1636,2026-05-18,CLI_0137,Tapetes,79791,1,Tienda Física,79791
FAC_1011,2025-10-26,CLI_0025,Accesorios,24827,1,Tienda Física,24827
FAC_1863,2026-03-03,CLI_0251,Forros_Asiento,123771,1,WhatsApp,123771
FAC_1682,2025-11-06,CLI_0081,Tapetes,80600,1,Tienda Física,80600
FAC_1423,2026-04-24,CLI_0056,Accesorios,27268,1,WhatsApp,27268
FAC_1686,2026-05-15,CLI_0216,Tapetes,88480,2,WhatsApp,176960
FAC_2025,2025-08-26,CLI_0181,Tapetes,91974,1,WhatsApp,91974
FAC_1910,2026-05-30,CLI_0235,Tapetes,79481,1,Web,79481
FAC_1466,2026-02-07,CLI_0295,Accesorios,25071,2,Tienda Física,50142
FAC_1528,2026-06-04,CLI_0223,Forros_Asiento,159788,1,Tienda Física,159788
FAC_2121,2026-03-21,CLI_0037,Accesorios,22036,1,Tienda Física,22036
FAC_1927,2025-11-11,CLI_0219,Cubre_Volantes,42991,1,Tienda Física,42991
FAC_1347,2026-07-25,CLI_0022,Accesorios,24415,2,WhatsApp,48830
FAC_1340,2026-07-21,CLI_0007,Forros_Asiento,155506,1,Tienda Física,155506
FAC_1301,2025-12-18,CLI_0058,Accesorios,27841,1,Tienda Física,27841
FAC_2129,2026-05-06,CLI_0099,Forros_Asiento,160174,1,Tienda Física,160174
FAC_1130,2026-03-30,CLI_0236,Tapetes,74117,2,Tienda Física,148234
FAC_1171,2025-08-30,CLI_0058,Accesorios,20383,1,WhatsApp,20383
FAC_2041,2025-10-13,CLI_0271,Forros_Asiento,131226,2,Tienda Física,262452
FAC_1502,2026-06-07,CLI_0181,Accesorios,26149,1,Web,26149
FAC_1464,2025-12-11,CLI_0166,Forros_Asiento,139854,2,Tienda Física,279708
FAC_1178,2026-05-02,CLI_0072,Forros_Asiento,130103,2,Tienda Física,260206
FAC_1503,2026-03-07,CLI_0095,Tapetes,81155,1,WhatsApp,81155
FAC_1822,2026-05-13,CLI_0179,Tapetes,87192,1,Tienda Física,87192
FAC_1937,2026-03-08,CLI_0148,Forros_Asiento,186030,1,Tienda Física,186030
FAC_1771,2026-07-13,CLI_0077,Accesorios,27557,1,Tienda Física,27557
FAC_2099,2025-09-21,CLI_0123,Accesorios,25254,1,Tienda Física,25254
FAC_1862,2025-08-11,CLI_0204,Cubre_Volantes,45268,1,WhatsApp,45268
FAC_1893,2025-08-30,CLI_0251,Accesorios,23551,2,Tienda Física,47102
FAC_1617,2026-04-13,CLI_0022,Tapetes,103325,2,Tienda Física,206650
FAC_1597,2025-11-22,CLI_0012,Tapetes,99755,1,Tienda Física,99755
FAC_2134,2025-10-27,CLI_0055,Forros_Asiento,145194,1,Tienda Física,145194
FAC_1822,2025-10-24,CLI_0288,Accesorios,24534,2,Tienda Física,49068
FAC_2052,2025-12-18,CLI_0024,Tapetes,88393,2,Tienda Física,176786
FAC_1323,2025-11-19,CLI_0117,Forros_Asiento,126572,3,Tienda Física,379716
FAC_1532,2025-10-26,CLI_0295,Forros_Asiento,96194,1,Tienda Física,96194
FAC_1860,2026-03-03,CLI_0225,Tapetes,97550,2,Tienda Física,195100
FAC_1970,2026-02-06,CLI_0041,Accesorios,25809,1,Tienda Física,25809
FAC_1291,2026-05-18,CLI_0084,Accesorios,26929,1,Tienda Física,26929
FAC_1235,2026-03-23,CLI_0066,Tapetes,155614,1,WhatsApp,155614
FAC_1940,2026-05-06,CLI_0164,Forros_Asiento,175751,2,Web,351502
FAC_1871,2026-05-15,CLI_0266,Tapetes,85652,1,WhatsApp,85652
FAC_1755,2026-08-01,CLI_0001,Tapetes,182846,1,Tienda Física,182846
FAC_1495,2025-10-06,CLI_0175,Forros_Asiento,171068,1,WhatsApp,171068
FAC_1897,2026-02-12,CLI_0156,Tapetes,88246,1,WhatsApp,88246
FAC_1786,2025-09-26,CLI_0130,Tapetes,80610,1,Tienda Física,80610
FAC_1954,2025-12-23,CLI_0035,Tapetes,152237,1,Tienda Física,152237
FAC_1978,2026-07-09,CLI_0206,Cubre_Volantes,45353,1,WhatsApp,45353
FAC_2070,2026-06-22,CLI_0126,Forros_Asiento,179575,1,Web,179575
FAC_2056,2026-04-14,CLI_0178,Forros_Asiento,83864,2,Tienda Física,167728
FAC_1394,2026-01-18,CLI_0129,Forros_Asiento,78772,1,WhatsApp,78772
FAC_1348,2026-03-02,CLI_0136,Tapetes,105429,1,WhatsApp,105429
FAC_1375,2025-09-06,CLI_0289,Accesorios,25495,1,WhatsApp,25495
FAC_2018,2025-09-28,CLI_0161,Forros_Asiento,125797,2,Tienda Física,251594
FAC_1472,2026-03-12,CLI_0098,Accesorios,25851,2,Tienda Física,51702
FAC_1345,2026-02-19,CLI_0082,Forros_Asiento,165703,1,WhatsApp,165703
FAC_1243,2025-12-04,CLI_0089,Tapetes,145206,2,Tienda Física,290412
FAC_1922,2026-02-27,CLI_0093,Tapetes,94958,3,Tienda Física,284874
FAC_2141,2026-04-29,CLI_0267,Forros_Asiento,130602,1,WhatsApp,130602
FAC_2064,2025-12-11,CLI_0003,Tapetes,79150,3,Tienda Física,237450
FAC_1883,2026-04-06,CLI_0300,Cubre_Volantes,45403,1,Tienda Física,45403
FAC_2007,2025-11-28,CLI_0021,Forros_Asiento,174365,1,Tienda Física,174365
FAC_1125,2026-05-21,CLI_0281,Forros_Asiento,161383,1,WhatsApp,161383
FAC_1538,2026-01-28,CLI_0027,Tapetes,77600,1,Web,77600
FAC_1830,2026-07-19,CLI_0158,Tapetes,77954,1,WhatsApp,77954
FAC_1871,2026-02-19,CLI_0263,Forros_Asiento,135262,1,WhatsApp,135262
FAC_1631,2026-02-23,CLI_0241,Forros_Asiento,177699,1,Tienda Física,177699
FAC_1857,2026-05-04,CLI_0263,Forros_Asiento,149705,1,WhatsApp,149705
FAC_2020,2025-08-17,CLI_0141,Forros_Asiento,134973,1,WhatsApp,134973
FAC_1356,2026-03-22,CLI_0009,Accesorios,24290,1,WhatsApp,24290
FAC_1583,2025-10-10,CLI_0152,Forros_Asiento,161096,1,Tienda Física,161096
FAC_1320,2026-03-07,CLI_0019,Forros_Asiento,139223,2,WhatsApp,278446
FAC_1102,2025-11-11,CLI_0242,Forros_Asiento,89986,2,Tienda Física,179972
FAC_2006,2025-10-07,CLI_0149,Forros_Asiento,148796,2,Tienda Física,297592
FAC_2110,2026-02-01,CLI_0160,Forros_Asiento,168368,2,WhatsApp,336736
FAC_1315,2025-10-22,CLI_0258,Forros_Asiento,141793,1,Tienda Física,141793
FAC_1015,2025-12-04,CLI_0125,Tapetes,79748,3,WhatsApp,239244
FAC_1887,2026-02-28,CLI_0042,Tapetes,87572,1,Web,87572
FAC_2077,2025-11-07,CLI_0196,Forros_Asiento,140260,1,Tienda Física,140260
FAC_1542,2026-05-23,CLI_0058,Accesorios,26156,3,Tienda Física,78468
FAC_1988,2026-07-31,CLI_0286,Tapetes,99216,1,Tienda Física,99216
FAC_2164,2026-07-05,CLI_0208,Tapetes,96145,2,Tienda Física,192290
FAC_1518,2025-12-28,CLI_0279,Tapetes,65147,1,Tienda Física,65147
FAC_2190,2026-07-23,CLI_0149,Forros_Asiento,168196,1,Tienda Física,168196
FAC_2051,2026-03-19,CLI_0272,Forros_Asiento,156377,1,Tienda Física,156377
FAC_1313,2025-10-21,CLI_0258,Forros_Asiento,139769,1,Web,139769
FAC_1433,2026-04-27,CLI_0154,Tapetes,77791,1,WhatsApp,77791
FAC_1544,2025-08-21,CLI_0101,Tapetes,84948,2,Tienda Física,169896
FAC_1605,2025-10-11,CLI_0291,Tapetes,92534,1,WhatsApp,92534
FAC_1368,2025-11-01,CLI_0007,Tapetes,79023,1,Tienda Física,79023
FAC_1295,2025-10-30,CLI_0130,Forros_Asiento,132181,1,Tienda Física,132181
FAC_1612,2026-07-31,CLI_0281,Cubre_Volantes,48205,1,Tienda Física,48205
FAC_1452,2026-05-29,CLI_0238,Forros_Asiento,134648,1,Tienda Física,134648
FAC_2174,2025-08-22,CLI_0117,Tapetes,75946,1,Tienda Física,75946
FAC_2112,2026-04-10,CLI_0173,Tapetes,71559,1,Tienda Física,71559
FAC_1300,2025-09-19,CLI_0254,Forros_Asiento,131854,1,WhatsApp,131854
FAC_1444,2026-03-25,CLI_0266,Forros_Asiento,167159,1,Tienda Física,167159
FAC_1239,2025-08-09,CLI_0083,Tapetes,90490,2,Tienda Física,180980
FAC_1377,2025-11-28,CLI_0263,Forros_Asiento,139363,2,WhatsApp,278726
FAC_1206,2026-03-07,CLI_0231,Forros_Asiento,157359,1,WhatsApp,157359
FAC_1468,2026-07-09,CLI_0007,Accesorios,29286,1,Tienda Física,29286
FAC_1577,2026-02-27,CLI_0133,Tapetes,81547,1,Tienda Física,81547
FAC_1497,2026-06-16,CLI_0079,Tapetes,81671,1,Tienda Física,81671
FAC_1318,2026-06-06,CLI_0013,Tapetes,88889,1,Tienda Física,88889
FAC_1815,2025-08-20,CLI_0188,Forros_Asiento,149770,1,WhatsApp,149770
FAC_2091,2026-06-24,CLI_0196,Tapetes,79161,1,WhatsApp,79161
FAC_2161,2025-10-13,CLI_0221,Forros_Asiento,166373,1,Tienda Física,166373
FAC_1853,2025-11-19,CLI_0105,Tapetes,87421,1,Tienda Física,87421
FAC_1505,2025-12-04,CLI_0242,Tapetes,83318,1,Tienda Física,83318
FAC_1256,2026-04-01,CLI_0290,Cubre_Volantes,54707,1,Tienda Física,54707
FAC_1754,2025-09-06,CLI_0173,Tapetes,88114,1,Tienda Física,88114
FAC_1958,2026-01-10,CLI_0200,Accesorios,30033,1,Tienda Física,30033
FAC_1218,2026-06-07,CLI_0228,Accesorios,22993,2,Tienda Física,45986
FAC_1797,2025-12-27,CLI_0261,Forros_Asiento,22382,1,Tienda Física,22382
FAC_1209,2026-02-11,CLI_0111,Accesorios,24685,1,Tienda Física,24685
FAC_1493,2026-02-22,CLI_0266,Forros_Asiento,164432,1,WhatsApp,164432
FAC_1678,2026-03-11,CLI_0010,Tapetes,75874,1,Tienda Física,75874
FAC_2125,2026-03-02,CLI_0124,Cubre_Volantes,42323,1,Tienda Física,42323
FAC_2028,2025-12-12,CLI_0172,Forros_Asiento,154725,1,Tienda Física,154725
FAC_1129,2026-05-24,CLI_0032,Accesorios,21648,2,Tienda Física,43296
FAC_1978,2025-09-03,CLI_0149,Accesorios,25755,1,WhatsApp,25755
FAC_1786,2025-09-15,CLI_0135,Tapetes,89173,2,Tienda Física,178346
FAC_1015,2026-04-17,CLI_0022,Forros_Asiento,166871,1,Tienda Física,166871
FAC_1439,2026-01-11,CLI_0283,Accesorios,25806,1,Web,25806
FAC_1362,2025-11-06,CLI_0278,Tapetes,81394,1,Tienda Física,81394
FAC_1035,2025-08-08,CLI_0019,Tapetes,68857,1,Tienda Física,68857
FAC_1138,2026-03-12,CLI_0229,Forros_Asiento,165029,1,Tienda Física,165029
FAC_1869,2026-05-15,CLI_0010,Tapetes,83223,1,WhatsApp,83223
FAC_1668,2026-02-22,CLI_0112,Accesorios,28861,2,WhatsApp,57722
FAC_2079,2026-02-19,CLI_0243,Forros_Asiento,72676,1,WhatsApp,72676
FAC_1352,2026-06-04,CLI_0111,Tapetes,75894,1,Tienda Física,75894
FAC_1654,2026-03-10,CLI_0293,Accesorios,25561,2,WhatsApp,51122
FAC_1024,2026-05-01,CLI_0020,Forros_Asiento,144090,1,Tienda Física,144090
FAC_1542,2025-11-15,CLI_0162,Tapetes,102522,2,Tienda Física,205044
FAC_2018,2025-12-25,CLI_0152,Tapetes,76565,1,Tienda Física,76565
FAC_1781,2026-05-10,CLI_0192,Accesorios,27369,2,Tienda Física,54738
FAC_1432,2025-11-24,CLI_0146,Forros_Asiento,155417,1,Tienda Física,155417
FAC_1508,2026-05-12,CLI_0198,Tapetes,95378,1,Web,95378
FAC_1390,2026-06-03,CLI_0138,Accesorios,25759,1,Tienda Física,25759
FAC_1762,2025-09-04,CLI_0051,Forros_Asiento,152113,1,Web,152113
FAC_2021,2026-03-04,CLI_0049,Forros_Asiento,165494,1,Tienda Física,165494
FAC_1685,2026-07-06,CLI_0126,Cubre_Volantes,49091,2,WhatsApp,98182
FAC_2139,2026-04-11,CLI_0297,Tapetes,99120,1,Tienda Física,99120
FAC_1913,2026-02-10,CLI_0182,Forros_Asiento,163294,1,Tienda Física,163294
FAC_1110,2026-03-22,CLI_0228,Accesorios,23205,1,Tienda Física,23205
FAC_1595,2026-02-10,CLI_0007,Forros_Asiento,113636,2,Tienda Física,227272
FAC_1779,2026-05-26,CLI_0143,Forros_Asiento,155269,2,WhatsApp,310538
FAC_1587,2026-02-27,CLI_0142,Forros_Asiento,157310,1,WhatsApp,157310
FAC_2063,2026-04-26,CLI_0218,Cubre_Volantes,48574,1,Tienda Física,48574
FAC_1311,2025-12-26,CLI_0161,Forros_Asiento,154605,1,Tienda Física,154605
FAC_1295,2025-09-11,CLI_0289,Forros_Asiento,159494,1,Tienda Física,159494
FAC_1678,2026-03-19,CLI_0169,Forros_Asiento,156432,2,WhatsApp,312864
FAC_1057,2025-09-13,CLI_0098,Tapetes,73628,1,Tienda Física,73628
FAC_2105,2026-03-16,CLI_0125,Forros_Asiento,143274,3,WhatsApp,429822
FAC_1942,2025-10-05,CLI_0059,Forros_Asiento,145466,1,Tienda Física,145466
FAC_1852,2026-05-02,CLI_0277,Forros_Asiento,140572,1,Tienda Física,140572
FAC_1354,2026-07-06,CLI_0232,Forros_Asiento,151840,2,WhatsApp,303680
FAC_1159,2025-08-22,CLI_0168,Accesorios,24098,1,Web,24098
FAC_1085,2026-01-07,CLI_0097,Accesorios,27207,1,Tienda Física,27207
FAC_1754,2026-03-16,CLI_0178,Forros_Asiento,22991,1,Tienda Física,22991
FAC_1181,2025-10-09,CLI_0008,Tapetes,80518,1,Tienda Física,80518
FAC_1107,2025-11-21,CLI_0055,Accesorios,29683,2,WhatsApp,59366
FAC_1523,2026-06-30,CLI_0268,Forros_Asiento,150730,2,Tienda Física,301460
FAC_1712,2025-08-12,CLI_0040,Tapetes,91705,1,Tienda Física,91705
FAC_1184,2026-01-04,CLI_0176,Tapetes,84200,1,Tienda Física,84200
FAC_2028,2025-08-19,CLI_0032,Tapetes,78745,1,Tienda Física,78745
FAC_1491,2026-05-26,CLI_0158,Accesorios,22355,1,WhatsApp,22355
FAC_1017,2025-12-11,CLI_0247,Forros_Asiento,147192,2,Tienda Física,294384
FAC_1156,2026-03-21,CLI_0133,Tapetes,80732,1,Web,80732
FAC_1935,2025-11-03,CLI_0213,Forros_Asiento,169756,1,Tienda Física,169756
FAC_1208,2025-12-25,CLI_0277,Accesorios,25174,2,Tienda Física,50348
FAC_2157,2025-09-17,CLI_0176,Tapetes,91490,2,Tienda Física,182980
FAC_1561,2025-12-18,CLI_0289,Accesorios,26073,1,Tienda Física,26073
FAC_1225,2025-08-18,CLI_0156,Tapetes,95154,1,WhatsApp,95154
FAC_1552,2026-01-11,CLI_0294,Forros_Asiento,163017,1,Tienda Física,163017
FAC_1053,2025-10-21,CLI_0142,Forros_Asiento,142452,2,Web,284904
FAC_1490,2025-09-28,CLI_0134,Forros_Asiento,154233,2,WhatsApp,308466
FAC_1241,2025-08-18,CLI_0038,Tapetes,83872,1,Tienda Física,83872
FAC_1999,2026-04-24,CLI_0084,Forros_Asiento,146425,1,Tienda Física,146425
FAC_1136,2026-03-28,CLI_0110,Tapetes,88300,1,Web,88300
FAC_1293,2025-11-27,CLI_0275,Accesorios,27221,1,WhatsApp,27221
FAC_1615,2025-12-30,CLI_0286,Forros_Asiento,155509,2,Tienda Física,311018
FAC_2045,2026-06-23,CLI_0227,Tapetes,92054,1,Tienda Física,92054
FAC_2185,2026-07-30,CLI_0264,Forros_Asiento,23360,1,WhatsApp,23360
FAC_1756,2026-01-13,CLI_0062,Tapetes,158387,3,WhatsApp,475161
FAC_1050,2026-01-28,CLI_0276,Forros_Asiento,151050,2,Tienda Física,302100
FAC_1220,2025-10-11,CLI_0035,Tapetes,86543,2,WhatsApp,173086
FAC_1919,2026-07-21,CLI_0076,Forros_Asiento,26633,3,Tienda Física,79899
FAC_2019,2026-03-14,CLI_0232,Forros_Asiento,135200,1,Web,135200
FAC_1553,2026-04-17,CLI_0257,Tapetes,24480,1,Tienda Física,24480
FAC_1503,2026-01-21,CLI_0283,Tapetes,85902,1,Tienda Física,85902
FAC_1164,2026-01-22,CLI_0049,Tapetes,93182,3,Tienda Física,279546
FAC_2135,2026-03-07,CLI_0192,Forros_Asiento,166267,1,Tienda Física,166267
FAC_1482,2026-03-30,CLI_0183,Accesorios,27595,1,WhatsApp,27595
FAC_1690,2026-06-25,CLI_0001,Tapetes,81607,1,Tienda Física,81607
FAC_1601,2026-07-17,CLI_0109,Accesorios,25859,2,WhatsApp,51718
FAC_1698,2026-01-13,CLI_0161,Accesorios,27046,1,Tienda Física,27046
FAC_1570,2025-11-09,CLI_0084,Forros_Asiento,146833,1,Web,146833
FAC_1885,2026-06-11,CLI_0266,Tapetes,94997,1,Tienda Física,94997
FAC_2111,2025-12-22,CLI_0081,Forros_Asiento,132844,1,WhatsApp,132844
FAC_1890,2025-08-31,CLI_0213,Forros_Asiento,77894,1,WhatsApp,77894
FAC_1324,2025-12-17,CLI_0073,Tapetes,100641,1,Tienda Física,100641
FAC_2078,2026-01-22,CLI_0195,Accesorios,28481,1,WhatsApp,28481
FAC_2008,2025-12-28,CLI_0048,Cubre_Volantes,36813,1,Tienda Física,36813
FAC_1551,2026-01-04,CLI_0167,Forros_Asiento,148825,1,Tienda Física,148825
FAC_1024,2026-05-28,CLI_0193,Forros_Asiento,143936,1,Web,143936
FAC_1685,2025-12-19,CLI_0126,Tapetes,114757,1,Tienda Física,114757
FAC_1389,2025-10-25,CLI_0176,Forros_Asiento,151607,2,Tienda Física,303214
FAC_1705,2026-07-08,CLI_0262,Forros_Asiento,133527,1,WhatsApp,133527
FAC_1709,2026-03-01,CLI_0125,Tapetes,89767,1,Tienda Física,89767
FAC_1267,2026-06-17,CLI_0274,Forros_Asiento,110643,1,WhatsApp,110643
FAC_1324,2025-09-01,CLI_0278,Cubre_Volantes,38071,1,Tienda Física,38071
FAC_1740,2026-06-06,CLI_0042,Forros_Asiento,175987,3,WhatsApp,527961
FAC_1959,2025-08-25,CLI_0021,Accesorios,25076,1,Web,25076
FAC_1410,2025-09-28,CLI_0280,Tapetes,93172,1,Web,93172
FAC_1390,2026-02-13,CLI_0273,Tapetes,142171,1,WhatsApp,142171
FAC_1456,2025-12-30,CLI_0275,Forros_Asiento,165980,1,Tienda Física,165980
FAC_1277,2026-02-01,CLI_0164,Forros_Asiento,149547,1,Web,149547
FAC_1580,2025-09-11,CLI_0173,Forros_Asiento,174966,2,Tienda Física,349932
FAC_1182,2025-11-24,CLI_0005,Forros_Asiento,154901,2,WhatsApp,309802
FAC_1571,2025-10-26,CLI_0108,Forros_Asiento,148130,1,Tienda Física,148130
FAC_1474,2026-01-01,CLI_0102,Accesorios,20567,2,Tienda Física,41134
FAC_1028,2026-03-13,CLI_0192,Tapetes,102699,1,Tienda Física,102699
FAC_2010,2025-12-29,CLI_0239,Tapetes,95148,1,Tienda Física,95148
FAC_1738,2026-05-20,CLI_0116,Cubre_Volantes,44111,1,Tienda Física,44111
FAC_1992,2025-10-12,CLI_0287,Tapetes,104832,1,WhatsApp,104832
FAC_1477,2026-06-08,CLI_0126,Accesorios,25197,2,WhatsApp,50394
FAC_1403,2026-03-29,CLI_0286,Accesorios,28035,1,Web,28035
FAC_1072,2025-11-24,CLI_0135,Forros_Asiento,141965,2,Tienda Física,283930
FAC_1191,2026-06-28,CLI_0141,Forros_Asiento,140793,1,WhatsApp,140793
FAC_1578,2026-07-17,CLI_0164,Accesorios,27972,2,WhatsApp,55944
FAC_1684,2025-09-08,CLI_0260,Forros_Asiento,173094,1,Tienda Física,173094
FAC_1432,2026-05-21,CLI_0188,Forros_Asiento,138113,1,Tienda Física,138113
FAC_1540,2025-12-26,CLI_0145,Tapetes,88320,2,Tienda Física,176640
FAC_1426,2026-01-28,CLI_0013,Accesorios,24551,1,WhatsApp,24551
FAC_2124,2026-01-04,CLI_0215,Forros_Asiento,145813,2,Web,291626
FAC_1378,2025-11-03,CLI_0053,Tapetes,82633,2,WhatsApp,165266
FAC_1791,2025-08-05,CLI_0281,Tapetes,81545,1,Tienda Física,81545
FAC_1862,2026-07-15,CLI_0010,Accesorios,17451,1,WhatsApp,17451
FAC_2177,2026-01-28,CLI_0178,Tapetes,88615,3,WhatsApp,265845
FAC_1675,2025-09-22,CLI_0191,Accesorios,25591,2,Tienda Física,51182
FAC_1948,2025-10-14,CLI_0290,Cubre_Volantes,41870,2,Tienda Física,83740
FAC_1237,2025-11-23,CLI_0096,Tapetes,79677,1,Tienda Física,79677
FAC_1642,2026-06-09,CLI_0157,Accesorios,22582,3,Web,67746
FAC_1047,2025-11-18,CLI_0162,Accesorios,25462,1,Tienda Física,25462
FAC_1935,2025-09-17,CLI_0177,Accesorios,24601,2,Tienda Física,49202
FAC_1475,2026-01-29,CLI_0218,Cubre_Volantes,41628,1,Tienda Física,41628
FAC_2127,2025-10-12,CLI_0175,Cubre_Volantes,47076,2,Tienda Física,94152
FAC_1337,2026-02-08,CLI_0211,Forros_Asiento,23455,1,WhatsApp,23455
FAC_1344,2025-09-13,CLI_0028,Forros_Asiento,156118,1,WhatsApp,156118
FAC_1008,2026-06-04,CLI_0227,Tapetes,87449,1,Tienda Física,87449
FAC_1309,2026-01-02,CLI_0100,Forros_Asiento,143201,2,WhatsApp,286402
FAC_1454,2026-04-16,CLI_0100,Forros_Asiento,144441,3,WhatsApp,433323
FAC_1897,2025-09-17,CLI_0118,Forros_Asiento,141838,1,WhatsApp,141838
FAC_1747,2026-03-28,CLI_0013,Tapetes,87536,1,Tienda Física,87536
FAC_2061,2026-05-10,CLI_0111,Forros_Asiento,146729,1,Tienda Física,146729
FAC_1151,2026-06-10,CLI_0228,Forros_Asiento,49113,1,Tienda Física,49113
FAC_1312,2025-09-17,CLI_0272,Forros_Asiento,145965,2,WhatsApp,291930
FAC_2035,2025-10-07,CLI_0134,Tapetes,82979,1,Tienda Física,82979
FAC_1853,2025-08-10,CLI_0007,Tapetes,168660,1,Tienda Física,168660
FAC_2040,2026-03-11,CLI_0111,Forros_Asiento,152471,1,WhatsApp,152471
FAC_1939,2026-06-26,CLI_0045,Forros_Asiento,88155,2,Tienda Física,176310
FAC_2102,2026-05-31,CLI_0079,Forros_Asiento,148451,1,Tienda Física,148451
FAC_1590,2026-01-12,CLI_0119,Tapetes,86288,1,WhatsApp,86288
FAC_2058,2026-07-02,CLI_0028,Cubre_Volantes,47416,1,WhatsApp,47416
FAC_1324,2025-08-28,CLI_0026,Forros_Asiento,161525,2,WhatsApp,323050
FAC_1142,2026-05-03,CLI_0049,Forros_Asiento,163551,1,Web,163551
FAC_1458,2025-09-27,CLI_0159,Forros_Asiento,154515,2,WhatsApp,309030
FAC_1006,2026-02-17,CLI_0054,Forros_Asiento,137472,3,Tienda Física,412416
FAC_1570,2026-05-19,CLI_0122,Forros_Asiento,139515,2,WhatsApp,279030
FAC_2034,2026-06-01,CLI_0210,Forros_Asiento,162622,1,Tienda Física,162622
FAC_1114,2026-04-05,CLI_0006,Forros_Asiento,184334,1,Tienda Física,184334
FAC_1339,2026-01-30,CLI_0187,Tapetes,62980,1,Web,62980
FAC_1383,2026-07-11,CLI_0019,Tapetes,81397,1,Tienda Física,81397
FAC_1933,2026-01-20,CLI_0125,Forros_Asiento,158027,2,Web,316054
FAC_1653,2026-07-11,CLI_0247,Cubre_Volantes,46916,1,Tienda Física,46916
FAC_1281,2026-02-09,CLI_0094,Accesorios,23177,2,WhatsApp,46354
FAC_2004,2025-11-15,CLI_0093,Tapetes,86973,1,Tienda Física,86973
FAC_1397,2026-04-06,CLI_0252,Forros_Asiento,131243,1,Tienda Física,131243
FAC_2149,2025-09-19,CLI_0155,Tapetes,79836,2,Tienda Física,159672
FAC_1184,2026-01-16,CLI_0265,Tapetes,78232,1,Tienda Física,78232
FAC_1170,2025-09-06,CLI_0089,Cubre_Volantes,44967,1,WhatsApp,44967
FAC_1940,2026-02-01,CLI_0163,Forros_Asiento,171294,1,Tienda Física,171294
FAC_1891,2025-08-05,CLI_0173,Tapetes,91654,1,Tienda Física,91654
FAC_1076,2026-07-17,CLI_0193,Accesorios,26217,2,Tienda Física,52434
FAC_1276,2026-06-06,CLI_0149,Accesorios,21149,3,Tienda Física,63447
FAC_1257,2026-03-13,CLI_0154,Tapetes,22753,1,WhatsApp,22753
FAC_1213,2026-05-26,CLI_0242,Tapetes,83915,2,Tienda Física,167830
FAC_1558,2026-04-15,CLI_0103,Forros_Asiento,80318,1,Tienda Física,80318
FAC_1514,2025-09-01,CLI_0195,Tapetes,73051,1,Tienda Física,73051
FAC_1127,2026-04-17,CLI_0004,Accesorios,23367,2,Tienda Física,46734
FAC_1362,2026-04-21,CLI_0249,Forros_Asiento,175038,3,Tienda Física,525114
FAC_1419,2026-03-14,CLI_0103,Forros_Asiento,137003,2,Tienda Física,274006
FAC_1247,2026-01-23,CLI_0239,Forros_Asiento,160190,1,Tienda Física,160190
FAC_2187,2026-06-29,CLI_0025,Tapetes,27134,1,Tienda Física,27134
FAC_1705,2025-12-09,CLI_0047,Forros_Asiento,144620,1,WhatsApp,144620
FAC_1926,2026-03-30,CLI_0149,Cubre_Volantes,42311,2,Tienda Física,84622
FAC_1261,2025-10-04,CLI_0032,Forros_Asiento,172460,1,Tienda Física,172460
FAC_2151,2025-08-17,CLI_0010,Accesorios,26421,1,Tienda Física,26421
FAC_2116,2025-09-05,CLI_0123,Forros_Asiento,152168,1,WhatsApp,152168
FAC_1952,2026-02-22,CLI_0292,Forros_Asiento,179935,3,Web,539805
FAC_1807,2026-07-16,CLI_0081,Forros_Asiento,90660,1,Tienda Física,90660
FAC_1768,2025-08-14,CLI_0245,Forros_Asiento,144476,1,WhatsApp,144476
FAC_2060,2025-12-02,CLI_0183,Accesorios,26144,2,Tienda Física,52288
FAC_1419,2026-03-29,CLI_0128,Forros_Asiento,169371,1,Web,169371
FAC_1276,2026-02-11,CLI_0078,Forros_Asiento,144012,1,WhatsApp,144012
FAC_1898,2026-01-06,CLI_0168,Cubre_Volantes,38169,1,Tienda Física,38169
FAC_1662,2026-06-19,CLI_0013,Forros_Asiento,90940,1,Web,90940
FAC_1235,2025-10-12,CLI_0095,Accesorios,25467,1,Tienda Física,25467
FAC_1471,2026-01-13,CLI_0007,Forros_Asiento,155648,2,Tienda Física,311296
FAC_2193,2026-04-18,CLI_0124,Forros_Asiento,38945,2,Tienda Física,77890
FAC_1882,2026-07-17,CLI_0140,Forros_Asiento,131596,1,WhatsApp,131596
FAC_1097,2026-05-14,CLI_0118,Forros_Asiento,140561,2,Tienda Física,281122
FAC_1461,2026-03-31,CLI_0214,Forros_Asiento,146312,1,Tienda Física,146312
FAC_1058,2026-01-14,CLI_0141,Forros_Asiento,158115,1,WhatsApp,158115
FAC_1223,2026-06-24,CLI_0128,Accesorios,25659,1,WhatsApp,25659
FAC_1806,2026-03-30,CLI_0202,Forros_Asiento,135543,1,Web,135543
FAC_1622,2026-05-08,CLI_0006,Forros_Asiento,156073,1,Tienda Física,156073
FAC_1819,2026-03-07,CLI_0219,Cubre_Volantes,38980,1,Tienda Física,38980
FAC_1102,2025-12-03,CLI_0291,Forros_Asiento,155858,3,Tienda Física,467574
FAC_2038,2025-08-30,CLI_0295,Forros_Asiento,153109,1,Tienda Física,153109
FAC_1260,2026-03-22,CLI_0148,Cubre_Volantes,44475,1,Tienda Física,44475
FAC_1314,2025-08-28,CLI_0290,Forros_Asiento,73953,2,WhatsApp,147906
FAC_2055,2025-11-14,CLI_0048,Forros_Asiento,125174,3,Tienda Física,375522
FAC_1714,2025-08-11,CLI_0150,Tapetes,103320,1,Web,103320
FAC_1826,2026-01-07,CLI_0025,Forros_Asiento,158965,2,Tienda Física,317930
FAC_2003,2025-08-26,CLI_0137,Tapetes,90280,1,Tienda Física,90280
FAC_1170,2026-01-02,CLI_0106,Cubre_Volantes,50059,1,WhatsApp,50059
FAC_1154,2026-05-08,CLI_0283,Forros_Asiento,149624,3,Tienda Física,448872
FAC_1251,2026-04-06,CLI_0271,Forros_Asiento,154748,1,WhatsApp,154748
FAC_1184,2025-12-28,CLI_0041,Tapetes,87242,1,Tienda Física,87242
FAC_1591,2025-10-22,CLI_0047,Accesorios,25897,1,Tienda Física,25897
FAC_1978,2025-10-18,CLI_0077,Forros_Asiento,157495,1,WhatsApp,157495
FAC_1905,2025-08-03,CLI_0091,Forros_Asiento,124846,1,Tienda Física,124846
FAC_1153,2025-10-08,CLI_0107,Forros_Asiento,160249,1,Tienda Física,160249
FAC_1100,2025-11-13,CLI_0137,Forros_Asiento,162155,1,Tienda Física,162155
FAC_1121,2026-03-09,CLI_0123,Accesorios,27498,1,WhatsApp,27498
FAC_1071,2026-01-11,CLI_0037,Forros_Asiento,101936,1,WhatsApp,101936
FAC_1254,2026-06-04,CLI_0186,Tapetes,97741,1,Tienda Física,97741
FAC_1272,2026-03-19,CLI_0088,Forros_Asiento,139644,1,Web,139644
FAC_1633,2026-06-02,CLI_0202,Cubre_Volantes,45191,1,Web,45191
FAC_1542,2025-08-02,CLI_0083,Accesorios,27022,1,Tienda Física,27022
FAC_1146,2025-09-13,CLI_0234,Forros_Asiento,133722,1,Tienda Física,133722
FAC_1071,2026-01-10,CLI_0153,Forros_Asiento,165734,1,WhatsApp,165734
FAC_2138,2026-07-03,CLI_0110,Forros_Asiento,158421,1,Tienda Física,158421
FAC_1334,2026-05-23,CLI_0109,Tapetes,83046,1,Tienda Física,83046
FAC_1915,2025-12-30,CLI_0076,Forros_Asiento,156265,2,WhatsApp,312530
FAC_2169,2026-05-29,CLI_0285,Accesorios,30141,1,Tienda Física,30141
FAC_1280,2025-10-14,CLI_0112,Tapetes,78480,2,Tienda Física,156960
FAC_2162,2026-03-25,CLI_0150,Forros_Asiento,151681,2,Tienda Física,303362
FAC_2187,2026-02-03,CLI_0122,Forros_Asiento,173583,1,Tienda Física,173583
FAC_1381,2025-09-22,CLI_0028,Forros_Asiento,151586,1,Tienda Física,151586
FAC_1728,2026-03-17,CLI_0118,Forros_Asiento,137769,1,Tienda Física,137769
FAC_1346,2026-02-23,CLI_0175,Tapetes,49596,3,WhatsApp,148788
FAC_1836,2026-05-27,CLI_0141,Accesorios,22882,2,WhatsApp,45764
FAC_1447,2026-04-26,CLI_0245,Tapetes,76381,1,Tienda Física,76381
FAC_1551,2026-04-08,CLI_0071,Forros_Asiento,156502,1,Tienda Física,156502
FAC_1023,2026-05-22,CLI_0103,Accesorios,27731,2,Tienda Física,55462
FAC_1547,2025-10-24,CLI_0117,Forros_Asiento,189311,1,Tienda Física,189311
FAC_2078,2026-02-15,CLI_0073,Accesorios,25874,1,Tienda Física,25874
FAC_1319,2026-07-12,CLI_0118,Forros_Asiento,25903,1,WhatsApp,25903
FAC_1009,2026-01-12,CLI_0271,Tapetes,87836,1,Tienda Física,87836
FAC_1170,2025-09-11,CLI_0048,Forros_Asiento,168561,1,Tienda Física,168561
FAC_1759,2025-10-23,CLI_0045,Tapetes,84688,1,Web,84688
FAC_1175,2026-07-21,CLI_0206,Forros_Asiento,138737,1,Tienda Física,138737
FAC_1717,2026-06-24,CLI_0122,Forros_Asiento,140928,1,Tienda Física,140928
FAC_2059,2026-03-02,CLI_0207,Forros_Asiento,158981,2,Tienda Física,317962
FAC_1238,2025-12-29,CLI_0295,Tapetes,97201,1,WhatsApp,97201
FAC_2158,2026-06-25,CLI_0215,Accesorios,25890,1,WhatsApp,25890
FAC_1031,2026-01-12,CLI_0245,Tapetes,89503,1,WhatsApp,89503
FAC_1080,2026-04-01,CLI_0094,Tapetes,88311,1,WhatsApp,88311
FAC_1362,2025-12-10,CLI_0218,Accesorios,25948,2,WhatsApp,51896
FAC_2176,2026-01-30,CLI_0224,Forros_Asiento,157661,2,Tienda Física,315322
FAC_1459,2026-03-27,CLI_0222,Forros_Asiento,103598,1,Tienda Física,103598
FAC_2137,2026-02-09,CLI_0110,Tapetes,83758,2,Tienda Física,167516
FAC_1227,2026-04-28,CLI_0207,Tapetes,92209,1,WhatsApp,92209
FAC_1176,2025-12-20,CLI_0028,Accesorios,22626,2,Tienda Física,45252
FAC_1025,2025-08-06,CLI_0096,Tapetes,80226,1,Tienda Física,80226
FAC_2015,2026-02-25,CLI_0217,Tapetes,85810,1,WhatsApp,85810
FAC_2162,2026-01-04,CLI_0104,Accesorios,26676,1,WhatsApp,26676
FAC_1935,2025-12-13,CLI_0256,Forros_Asiento,161158,1,Web,161158
FAC_1594,2025-08-16,CLI_0163,Accesorios,26506,2,Tienda Física,53012
FAC_2112,2026-05-12,CLI_0183,Tapetes,76230,2,WhatsApp,152460
FAC_1183,2026-02-04,CLI_0051,Tapetes,88125,1,Tienda Física,88125
FAC_1084,2026-06-13,CLI_0166,Tapetes,83971,2,Tienda Física,167942
FAC_1395,2026-03-14,CLI_0055,Forros_Asiento,179312,1,WhatsApp,179312
FAC_1682,2026-04-16,CLI_0059,Forros_Asiento,153030,2,WhatsApp,306060
FAC_1500,2026-01-13,CLI_0020,Tapetes,68057,1,Web,68057
FAC_1066,2025-12-27,CLI_0299,Tapetes,86457,1,Tienda Física,86457
FAC_1136,2026-02-28,CLI_0128,Forros_Asiento,137888,1,WhatsApp,137888
FAC_1129,2026-07-26,CLI_0045,Forros_Asiento,162513,2,Web,325026
FAC_1113,2026-07-11,CLI_0256,Tapetes,95308,1,WhatsApp,95308
FAC_1680,2025-09-11,CLI_0264,Cubre_Volantes,46298,1,Web,46298
FAC_1501,2026-04-03,CLI_0119,Accesorios,24114,1,Tienda Física,24114
FAC_1218,2026-01-05,CLI_0011,Tapetes,82238,2,WhatsApp,164476
FAC_2064,2026-01-29,CLI_0050,Tapetes,84183,1,Tienda Física,84183
FAC_1056,2026-06-18,CLI_0293,Forros_Asiento,146157,1,WhatsApp,146157
FAC_1221,2025-10-07,CLI_0110,Cubre_Volantes,37340,1,WhatsApp,37340
FAC_1235,2025-10-25,CLI_0013,Forros_Asiento,128775,1,Tienda Física,128775
FAC_1378,2025-08-13,CLI_0166,Forros_Asiento,144308,1,WhatsApp,144308
FAC_1276,2025-10-26,CLI_0011,Forros_Asiento,149528,1,Tienda Física,149528
FAC_1871,2026-04-17,CLI_0128,Accesorios,25591,1,Tienda Física,25591
FAC_1557,2025-10-02,CLI_0145,Tapetes,84188,1,Tienda Física,84188
FAC_2070,2026-05-20,CLI_0181,Cubre_Volantes,51955,1,Tienda Física,51955
FAC_1946,2025-12-06,CLI_0106,Tapetes,89605,2,Tienda Física,179210
FAC_1368,2025-08-17,CLI_0219,Tapetes,82629,2,Tienda Física,165258
FAC_1971,2025-11-17,CLI_0038,Tapetes,91348,3,WhatsApp,274044
FAC_1872,2026-04-10,CLI_0229,Accesorios,24391,1,Tienda Física,24391
FAC_1602,2026-06-27,CLI_0132,Accesorios,27744,1,Web,27744
FAC_1542,2026-04-09,CLI_0191,Cubre_Volantes,41047,2,Tienda Física,82094
FAC_1237,2026-07-23,CLI_0237,Forros_Asiento,136370,1,Tienda Física,136370
FAC_1316,2025-09-27,CLI_0256,Forros_Asiento,168269,1,Tienda Física,168269
FAC_1149,2026-07-19,CLI_0190,Tapetes,88413,1,Web,88413
FAC_1934,2025-09-14,CLI_0205,Forros_Asiento,158022,2,Tienda Física,316044
FAC_1679,2026-06-09,CLI_0058,Forros_Asiento,129270,1,Tienda Física,129270
FAC_1721,2025-08-06,CLI_0111,Forros_Asiento,45639,1,Web,45639
FAC_1355,2026-05-22,CLI_0272,Tapetes,98523,1,WhatsApp,98523
FAC_1859,2026-02-07,CLI_0013,Accesorios,29718,1,WhatsApp,29718
FAC_1774,2025-11-19,CLI_0094,Forros_Asiento,144224,1,Tienda Física,144224
FAC_2049,2026-01-03,CLI_0201,Forros_Asiento,186150,1,Tienda Física,186150
FAC_2194,2026-04-04,CLI_0137,Forros_Asiento,25762,1,WhatsApp,25762
FAC_1501,2026-06-02,CLI_0265,Forros_Asiento,149317,1,Tienda Física,149317
FAC_1660,2025-11-23,CLI_0072,Tapetes,86115,1,Web,86115
FAC_1281,2026-07-25,CLI_0213,Tapetes,87368,1,Tienda Física,87368
FAC_1039,2025-11-16,CLI_0192,Cubre_Volantes,42120,1,Tienda Física,42120
FAC_1348,2025-08-26,CLI_0149,Forros_Asiento,140771,1,Web,140771
FAC_1345,2026-03-27,CLI_0273,Tapetes,84012,1,WhatsApp,84012
FAC_1705,2026-05-10,CLI_0293,Forros_Asiento,163102,1,WhatsApp,163102
FAC_1937,2025-11-29,CLI_0058,Accesorios,22593,1,Tienda Física,22593
FAC_2162,2025-10-19,CLI_0188,Tapetes,67484,1,Web,67484
FAC_2200,2025-09-16,CLI_0284,Forros_Asiento,140940,1,Tienda Física,140940
FAC_1503,2025-12-05,CLI_0137,Forros_Asiento,142973,1,Tienda Física,142973
FAC_1692,2026-06-11,CLI_0237,Accesorios,22799,1,Tienda Física,22799
FAC_1247,2026-01-12,CLI_0073,Tapetes,83411,1,WhatsApp,83411
FAC_1771,2025-11-18,CLI_0105,Cubre_Volantes,44119,2,WhatsApp,88238
FAC_1748,2026-03-22,CLI_0140,Tapetes,92923,1,Web,92923
FAC_1341,2026-07-22,CLI_0089,Forros_Asiento,133433,2,WhatsApp,266866
FAC_2105,2026-04-29,CLI_0116,Forros_Asiento,49583,1,Tienda Física,49583
FAC_1521,2025-08-07,CLI_0143,Accesorios,20448,1,Web,20448
FAC_1828,2026-05-26,CLI_0070,Tapetes,161636,2,Web,323272
FAC_2107,2026-07-26,CLI_0018,Forros_Asiento,162782,2,Tienda Física,325564
FAC_1656,2025-11-26,CLI_0237,Forros_Asiento,148159,1,Tienda Física,148159
FAC_1433,2026-06-29,CLI_0197,Forros_Asiento,152616,1,Tienda Física,152616
FAC_1586,2026-04-16,CLI_0090,Forros_Asiento,88598,3,WhatsApp,265794
FAC_1538,2026-03-04,CLI_0220,Accesorios,21081,1,Web,21081
FAC_1038,2025-10-16,CLI_0162,Forros_Asiento,149010,1,Tienda Física,149010
FAC_1803,2026-06-07,CLI_0040,Forros_Asiento,143795,3,Web,431385
FAC_1930,2025-10-30,CLI_0209,Tapetes,88535,1,Tienda Física,88535
FAC_1618,2026-01-28,CLI_0273,Forros_Asiento,23779,1,Tienda Física,23779
FAC_2072,2026-02-11,CLI_0078,Forros_Asiento,148975,1,Web,148975
FAC_2030,2026-02-09,CLI_0143,Tapetes,82434,1,WhatsApp,82434
FAC_2140,2025-08-03,CLI_0163,Forros_Asiento,121953,1,Tienda Física,121953
FAC_1446,2025-08-14,CLI_0026,Tapetes,83792,1,Web,83792
FAC_2037,2025-12-01,CLI_0242,Forros_Asiento,161470,1,Web,161470
FAC_2004,2025-11-12,CLI_0044,Forros_Asiento,82088,1,Tienda Física,82088
FAC_1061,2026-01-23,CLI_0128,Tapetes,52182,1,WhatsApp,52182
FAC_1799,2026-07-05,CLI_0187,Forros_Asiento,131967,1,Tienda Física,131967
FAC_1462,2026-07-06,CLI_0237,Cubre_Volantes,43027,1,WhatsApp,43027
FAC_1941,2025-11-27,CLI_0264,Forros_Asiento,136846,1,Tienda Física,136846
FAC_1458,2026-06-15,CLI_0060,Tapetes,78769,2,Tienda Física,157538
FAC_1847,2025-08-19,CLI_0006,Accesorios,25635,1,Tienda Física,25635
FAC_1667,2025-08-20,CLI_0229,Accesorios,30875,1,Web,30875
FAC_1179,2025-12-17,CLI_0106,Forros_Asiento,152296,2,Tienda Física,304592
FAC_1250,2026-03-13,CLI_0297,Forros_Asiento,44574,1,Tienda Física,44574
FAC_1730,2026-08-01,CLI_0193,Accesorios,24403,2,Tienda Física,48806
FAC_1293,2026-05-05,CLI_0202,Forros_Asiento,76810,1,WhatsApp,76810
FAC_1643,2025-08-29,CLI_0074,Forros_Asiento,123768,3,WhatsApp,371304
FAC_2053,2026-07-26,CLI_0011,Tapetes,80889,1,WhatsApp,80889
FAC_1303,2025-08-07,CLI_0187,Forros_Asiento,147626,1,Tienda Física,147626
FAC_1724,2026-03-08,CLI_0298,Forros_Asiento,139849,2,Tienda Física,279698
FAC_1881,2026-07-15,CLI_0283,Forros_Asiento,150619,1,Tienda Física,150619
FAC_1065,2025-09-30,CLI_0063,Accesorios,25098,1,Tienda Física,25098
FAC_1583,2025-09-22,CLI_0253,Tapetes,88674,1,Tienda Física,88674
FAC_1138,2026-01-29,CLI_0151,Forros_Asiento,128372,2,Tienda Física,256744
FAC_1666,2025-10-16,CLI_0293,Accesorios,24972,1,WhatsApp,24972
FAC_1031,2025-08-20,CLI_0106,Tapetes,89264,2,Tienda Física,178528
FAC_1540,2026-03-19,CLI_0281,Forros_Asiento,151498,2,Tienda Física,302996
FAC_1734,2025-08-06,CLI_0030,Forros_Asiento,175471,1,Tienda Física,175471
FAC_1007,2026-07-03,CLI_0221,Tapetes,89464,1,Tienda Física,89464
FAC_2091,2026-06-04,CLI_0038,Tapetes,138947,1,Tienda Física,138947
FAC_2142,2026-05-29,CLI_0050,Tapetes,89390,2,Tienda Física,178780
FAC_1442,2026-07-24,CLI_0300,Forros_Asiento,138297,2,Tienda Física,276594
FAC_1996,2025-11-28,CLI_0189,Cubre_Volantes,49018,2,WhatsApp,98036
FAC_1456,2026-05-09,CLI_0138,Cubre_Volantes,43349,2,Tienda Física,86698
FAC_1251,2026-04-28,CLI_0245,Forros_Asiento,167169,1,Tienda Física,167169
FAC_1802,2026-06-28,CLI_0095,Forros_Asiento,158333,3,Tienda Física,474999
FAC_1775,2025-12-29,CLI_0181,Tapetes,89696,1,WhatsApp,89696
FAC_1345,2025-08-03,CLI_0012,Forros_Asiento,163505,1,Tienda Física,163505
FAC_1196,2025-11-05,CLI_0096,Accesorios,22484,1,Tienda Física,22484
FAC_2088,2026-06-16,CLI_0042,Tapetes,90258,1,Tienda Física,90258
FAC_2031,2025-10-10,CLI_0242,Tapetes,81936,1,Tienda Física,81936
FAC_1743,2025-08-06,CLI_0012,Accesorios,24284,1,Tienda Física,24284
FAC_1555,2025-10-28,CLI_0124,Tapetes,75897,3,WhatsApp,227691
FAC_1747,2026-05-26,CLI_0194,Tapetes,94918,1,Tienda Física,94918
FAC_1084,2026-02-08,CLI_0280,Accesorios,29055,3,Tienda Física,87165
FAC_1776,2026-06-10,CLI_0150,Tapetes,88198,1,Tienda Física,88198
FAC_1716,2026-03-31,CLI_0217,Forros_Asiento,25572,1,Tienda Física,25572
FAC_1405,2026-05-23,CLI_0151,Accesorios,28260,2,Tienda Física,56520
FAC_1843,2025-09-20,CLI_0104,Forros_Asiento,159789,1,Tienda Física,159789
FAC_1061,2026-02-13,CLI_0104,Forros_Asiento,138597,1,Tienda Física,138597
FAC_2064,2026-02-11,CLI_0110,Forros_Asiento,158759,1,Tienda Física,158759
FAC_1381,2026-05-03,CLI_0095,Tapetes,90171,3,Tienda Física,270513
FAC_1356,2025-08-29,CLI_0247,Tapetes,73194,1,Tienda Física,73194
FAC_2172,2025-12-09,CLI_0054,Forros_Asiento,149017,1,WhatsApp,149017
FAC_1671,2026-06-05,CLI_0058,Cubre_Volantes,50746,1,Tienda Física,50746
FAC_1229,2025-11-20,CLI_0008,Forros_Asiento,167206,1,Tienda Física,167206
FAC_1713,2025-09-12,CLI_0204,Forros_Asiento,136246,1,Tienda Física,136246
FAC_2059,2025-11-11,CLI_0275,Forros_Asiento,145141,2,WhatsApp,290282
FAC_1125,2026-03-07,CLI_0043,Tapetes,81093,1,Tienda Física,81093
FAC_1717,2025-10-22,CLI_0137,Forros_Asiento,188320,1,Tienda Física,188320
FAC_1261,2025-10-18,CLI_0267,Forros_Asiento,152941,1,WhatsApp,152941
FAC_2197,2026-01-10,CLI_0230,Accesorios,24993,1,WhatsApp,24993
FAC_1830,2026-04-08,CLI_0052,Forros_Asiento,150578,1,WhatsApp,150578
FAC_1083,2025-10-01,CLI_0154,Forros_Asiento,142212,3,WhatsApp,426636
FAC_1856,2025-11-13,CLI_0088,Forros_Asiento,150703,2,Web,301406
FAC_2050,2026-01-31,CLI_0116,Cubre_Volantes,42682,2,WhatsApp,85364
FAC_2138,2025-09-08,CLI_0011,Forros_Asiento,145734,2,Tienda Física,291468
FAC_1152,2026-04-13,CLI_0235,Tapetes,79439,2,Web,158878
FAC_1657,2026-04-06,CLI_0164,Forros_Asiento,147279,1,Tienda Física,147279
FAC_2001,2026-02-20,CLI_0238,Forros_Asiento,135330,1,Tienda Física,135330
FAC_1091,2026-03-14,CLI_0047,Tapetes,69751,1,WhatsApp,69751
FAC_1388,2025-08-30,CLI_0217,Tapetes,76745,1,Web,76745
FAC_1492,2026-05-20,CLI_0230,Tapetes,105778,1,WhatsApp,105778
FAC_1864,2026-02-23,CLI_0178,Forros_Asiento,151211,1,WhatsApp,151211
FAC_1298,2026-01-01,CLI_0244,Tapetes,94400,1,Tienda Física,94400
FAC_2051,2026-07-04,CLI_0039,Accesorios,28435,1,Web,28435
FAC_1880,2026-01-24,CLI_0158,Accesorios,28006,1,Tienda Física,28006
FAC_1152,2025-09-13,CLI_0090,Accesorios,24422,2,Tienda Física,48844
FAC_1488,2026-07-04,CLI_0095,Cubre_Volantes,46961,1,Web,46961
FAC_2096,2026-03-27,CLI_0246,Forros_Asiento,157927,2,Tienda Física,315854
FAC_1545,2026-05-12,CLI_0271,Accesorios,23312,1,WhatsApp,23312
FAC_1528,2026-05-22,CLI_0186,Forros_Asiento,147338,1,Tienda Física,147338
FAC_1511,2026-03-06,CLI_0185,Tapetes,84514,2,Tienda Física,169028
FAC_2132,2026-03-11,CLI_0224,Tapetes,148334,1,Tienda Física,148334
FAC_1274,2026-02-23,CLI_0215,Tapetes,74049,1,WhatsApp,74049
FAC_1646,2026-01-19,CLI_0271,Forros_Asiento,152356,2,WhatsApp,304712
FAC_2116,2026-06-30,CLI_0179,Forros_Asiento,148254,1,Tienda Física,148254
FAC_1750,2026-07-11,CLI_0009,Forros_Asiento,175435,3,Tienda Física,526305
FAC_1112,2026-01-28,CLI_0001,Cubre_Volantes,54466,1,Tienda Física,54466
FAC_1660,2026-06-16,CLI_0012,Tapetes,67448,1,Web,67448
FAC_1773,2025-10-06,CLI_0279,Accesorios,26962,2,Web,53924
FAC_1352,2026-04-19,CLI_0146,Forros_Asiento,93311,1,WhatsApp,93311
FAC_1577,2026-02-19,CLI_0160,Forros_Asiento,147615,1,Tienda Física,147615
FAC_1193,2025-09-01,CLI_0280,Tapetes,85938,1,Tienda Física,85938
FAC_1063,2026-04-28,CLI_0118,Forros_Asiento,145094,1,WhatsApp,145094
FAC_1999,2025-09-16,CLI_0203,Forros_Asiento,136537,1,WhatsApp,136537
FAC_1187,2025-08-22,CLI_0045,Forros_Asiento,151685,1,Tienda Física,151685
FAC_1794,2025-10-19,CLI_0151,Forros_Asiento,154844,1,Tienda Física,154844
FAC_1919,2026-03-31,CLI_0187,Forros_Asiento,140930,2,Tienda Física,281860
FAC_1930,2025-10-19,CLI_0294,Tapetes,80319,3,Tienda Física,240957
FAC_1490,2025-08-20,CLI_0158,Forros_Asiento,170521,1,Web,170521
FAC_1509,2026-01-09,CLI_0103,Forros_Asiento,161149,1,Tienda Física,161149
FAC_2097,2025-11-13,CLI_0168,Tapetes,90771,1,Tienda Física,90771
FAC_1264,2026-07-08,CLI_0137,Tapetes,85397,1,WhatsApp,85397
FAC_1288,2025-08-16,CLI_0077,Tapetes,85517,1,Tienda Física,85517
FAC_1223,2025-11-02,CLI_0058,Forros_Asiento,136074,1,Tienda Física,136074
FAC_2074,2025-08-02,CLI_0075,Tapetes,93448,1,Tienda Física,93448
FAC_1150,2026-02-28,CLI_0152,Cubre_Volantes,44490,1,Tienda Física,44490
FAC_1293,2026-03-29,CLI_0035,Accesorios,22776,1,WhatsApp,22776
FAC_1894,2026-07-31,CLI_0129,Accesorios,21163,2,Tienda Física,42326
FAC_2111,2026-05-09,CLI_0034,Forros_Asiento,157761,1,Tienda Física,157761
FAC_1184,2025-09-06,CLI_0048,Tapetes,79144,1,Tienda Física,79144
FAC_1226,2025-12-21,CLI_0274,Accesorios,26869,2,Tienda Física,53738
FAC_1915,2026-04-21,CLI_0137,Forros_Asiento,96363,2,Tienda Física,192726
FAC_1941,2025-08-21,CLI_0069,Forros_Asiento,159931,1,Tienda Física,159931
FAC_1669,2025-08-04,CLI_0013,Tapetes,95703,2,Tienda Física,191406
FAC_2020,2026-05-29,CLI_0067,Accesorios,24006,1,Tienda Física,24006
FAC_1336,2026-03-31,CLI_0099,Forros_Asiento,145850,1,Web,145850
FAC_1383,2026-01-06,CLI_0037,Forros_Asiento,144107,1,Tienda Física,144107
FAC_1806,2026-03-05,CLI_0060,Accesorios,23050,2,Tienda Física,46100
FAC_1006,2025-11-22,CLI_0206,Cubre_Volantes,47518,1,Tienda Física,47518
FAC_2186,2026-02-25,CLI_0276,Accesorios,24570,1,Tienda Física,24570
FAC_1315,2026-06-16,CLI_0220,Tapetes,167921,2,Tienda Física,335842
FAC_1783,2025-08-12,CLI_0192,Tapetes,79158,1,WhatsApp,79158
FAC_1074,2025-12-06,CLI_0144,Forros_Asiento,150159,1,WhatsApp,150159
FAC_1902,2026-07-16,CLI_0035,Accesorios,23430,2,WhatsApp,46860
FAC_1850,2026-02-05,CLI_0144,Forros_Asiento,148144,1,Tienda Física,148144
FAC_1040,2025-08-23,CLI_0083,Forros_Asiento,137834,1,WhatsApp,137834
FAC_2129,2026-04-24,CLI_0215,Forros_Asiento,141525,1,WhatsApp,141525
FAC_1274,2025-12-13,CLI_0026,Forros_Asiento,152295,1,Tienda Física,152295
FAC_1076,2026-05-01,CLI_0176,Tapetes,149784,1,Tienda Física,149784
FAC_1180,2025-11-15,CLI_0276,Tapetes,91216,1,Tienda Física,91216
FAC_2093,2026-07-25,CLI_0196,Tapetes,23099,1,WhatsApp,23099
FAC_1569,2026-05-27,CLI_0001,Tapetes,91751,1,Tienda Física,91751
FAC_1406,2026-02-19,CLI_0298,Accesorios,22201,1,Tienda Física,22201
FAC_1003,2026-07-21,CLI_0209,Forros_Asiento,151366,2,Tienda Física,302732
FAC_1896,2025-08-03,CLI_0099,Accesorios,26333,2,WhatsApp,52666
FAC_1589,2025-09-04,CLI_0273,Tapetes,76684,2,Tienda Física,153368
FAC_1637,2025-10-26,CLI_0079,Forros_Asiento,126712,2,Web,253424
FAC_1302,2026-04-30,CLI_0190,Tapetes,73223,2,Web,146446
FAC_1310,2026-04-09,CLI_0256,Forros_Asiento,142131,2,Tienda Física,284262
FAC_1074,2025-10-14,CLI_0236,Tapetes,84482,1,Tienda Física,84482
FAC_1969,2026-04-13,CLI_0192,Forros_Asiento,147874,1,Tienda Física,147874
FAC_1678,2026-05-08,CLI_0056,Forros_Asiento,153222,1,Tienda Física,153222
FAC_1715,2026-05-29,CLI_0130,Tapetes,81429,1,Web,81429
FAC_1677,2026-01-29,CLI_0069,Tapetes,77863,2,Web,155726
FAC_1608,2025-12-17,CLI_0265,Forros_Asiento,128863,1,Tienda Física,128863
FAC_1602,2026-04-17,CLI_0157,Tapetes,92034,1,Tienda Física,92034
FAC_1765,2025-11-02,CLI_0097,Forros_Asiento,154825,1,WhatsApp,154825
FAC_1407,2026-01-17,CLI_0018,Tapetes,24733,1,Tienda Física,24733
FAC_2093,2025-11-27,CLI_0196,Tapetes,85317,1,Web,85317
FAC_1951,2026-01-17,CLI_0052,Tapetes,87110,1,WhatsApp,87110
FAC_1568,2026-07-30,CLI_0298,Forros_Asiento,167083,1,Tienda Física,167083
FAC_1371,2026-07-02,CLI_0065,Accesorios,27504,1,Web,27504
FAC_1072,2025-09-18,CLI_0212,Tapetes,92820,1,WhatsApp,92820
FAC_1637,2026-01-13,CLI_0158,Accesorios,28063,1,Tienda Física,28063
FAC_2023,2025-12-21,CLI_0207,Forros_Asiento,134361,1,WhatsApp,134361
FAC_2052,2026-01-29,CLI_0291,Forros_Asiento,136631,1,WhatsApp,136631
FAC_1427,2026-07-27,CLI_0277,Forros_Asiento,148614,1,WhatsApp,148614
FAC_1793,2025-11-24,CLI_0074,Forros_Asiento,173547,1,Tienda Física,173547
FAC_1011,2026-03-05,CLI_0162,Forros_Asiento,151307,3,Tienda Física,453921
FAC_1421,2025-10-31,CLI_0147,Forros_Asiento,131740,1,WhatsApp,131740
FAC_1275,2026-05-01,CLI_0150,Forros_Asiento,168814,1,WhatsApp,168814
FAC_2052,2026-01-25,CLI_0198,Tapetes,86388,1,WhatsApp,86388
FAC_1630,2025-09-28,CLI_0027,Forros_Asiento,139810,1,Tienda Física,139810
FAC_1383,2025-12-26,CLI_0185,Forros_Asiento,144034,1,WhatsApp,144034
FAC_1020,2025-11-20,CLI_0294,Tapetes,85271,2,Tienda Física,170542
FAC_1343,2026-03-05,CLI_0034,Accesorios,27992,1,Tienda Física,27992
FAC_1475,2026-06-15,CLI_0287,Tapetes,91114,1,WhatsApp,91114
FAC_1369,2025-12-26,CLI_0224,Forros_Asiento,131259,1,Web,131259
FAC_1290,2026-04-03,CLI_0126,Tapetes,89567,2,Tienda Física,179134
FAC_1979,2025-11-27,CLI_0204,Tapetes,85615,1,WhatsApp,85615
FAC_1678,2026-01-11,CLI_0209,Tapetes,94272,1,Tienda Física,94272
FAC_1449,2025-08-15,CLI_0074,Forros_Asiento,133350,2,WhatsApp,266700
FAC_2030,2025-10-11,CLI_0097,Forros_Asiento,128567,1,Tienda Física,128567
FAC_1695,2026-02-01,CLI_0137,Cubre_Volantes,44968,1,Tienda Física,44968
FAC_1517,2026-02-13,CLI_0203,Forros_Asiento,178133,2,Tienda Física,356266
FAC_1920,2026-07-24,CLI_0274,Tapetes,81390,1,WhatsApp,81390
FAC_1545,2025-11-06,CLI_0265,Forros_Asiento,164250,1,Tienda Física,164250
FAC_1698,2025-08-30,CLI_0181,Forros_Asiento,149038,1,Tienda Física,149038
FAC_1799,2026-07-25,CLI_0076,Cubre_Volantes,36851,1,WhatsApp,36851
FAC_1433,2026-05-10,CLI_0200,Forros_Asiento,167266,1,WhatsApp,167266
FAC_1543,2025-09-10,CLI_0189,Cubre_Volantes,51270,2,WhatsApp,102540
FAC_1070,2026-01-10,CLI_0134,Tapetes,96419,1,WhatsApp,96419
FAC_1558,2025-09-11,CLI_0068,Tapetes,84350,1,WhatsApp,84350
FAC_1681,2025-11-01,CLI_0140,Cubre_Volantes,41021,1,Web,41021
FAC_1493,2026-02-02,CLI_0236,Tapetes,98031,2,Tienda Física,196062
FAC_1919,2026-02-05,CLI_0130,Forros_Asiento,164404,1,Tienda Física,164404
FAC_2053,2025-12-07,CLI_0192,Forros_Asiento,150394,2,Tienda Física,300788
FAC_1515,2026-07-14,CLI_0053,Tapetes,73501,1,Tienda Física,73501
FAC_1419,2025-12-18,CLI_0093,Accesorios,24157,1,Tienda Física,24157
FAC_1044,2026-06-29,CLI_0106,Tapetes,90790,1,WhatsApp,90790
FAC_1456,2026-02-19,CLI_0238,Tapetes,85419,2,Tienda Física,170838
FAC_1284,2026-04-26,CLI_0106,Tapetes,75223,1,WhatsApp,75223
FAC_1576,2026-06-15,CLI_0012,Accesorios,22502,1,WhatsApp,22502
FAC_1254,2025-08-19,CLI_0140,Forros_Asiento,89828,1,Tienda Física,89828
FAC_1315,2025-08-31,CLI_0010,Tapetes,87064,1,WhatsApp,87064
FAC_1102,2026-05-26,CLI_0167,Tapetes,88769,1,WhatsApp,88769
FAC_1981,2026-05-11,CLI_0294,Tapetes,165133,1,Tienda Física,165133
FAC_1122,2026-07-03,CLI_0145,Tapetes,90073,1,WhatsApp,90073
FAC_1172,2026-02-22,CLI_0018,Forros_Asiento,127059,1,Tienda Física,127059
FAC_1175,2025-08-09,CLI_0283,Forros_Asiento,142675,2,Tienda Física,285350
FAC_2134,2026-06-06,CLI_0018,Tapetes,167663,1,Tienda Física,167663
FAC_1733,2025-09-07,CLI_0246,Forros_Asiento,165009,1,WhatsApp,165009
FAC_1293,2026-07-11,CLI_0177,Forros_Asiento,163383,1,Web,163383
FAC_1459,2026-07-06,CLI_0279,Tapetes,22144,2,Tienda Física,44288
FAC_1217,2025-10-14,CLI_0285,Tapetes,71264,1,Tienda Física,71264
FAC_2200,2026-02-18,CLI_0108,Tapetes,87237,1,Web,87237
FAC_2194,2026-01-18,CLI_0282,Forros_Asiento,138929,1,WhatsApp,138929
FAC_2002,2025-08-16,CLI_0005,Forros_Asiento,143064,1,Tienda Física,143064
FAC_1048,2026-04-25,CLI_0143,Accesorios,22710,1,Tienda Física,22710
FAC_1427,2025-09-09,CLI_0255,Cubre_Volantes,48436,2,WhatsApp,96872
FAC_1066,2026-04-14,CLI_0108,Forros_Asiento,131469,1,WhatsApp,131469
FAC_1168,2025-12-31,CLI_0237,Forros_Asiento,144553,1,Tienda Física,144553
FAC_1920,2025-09-03,CLI_0221,Cubre_Volantes,41561,1,Tienda Física,41561
FAC_1883,2026-05-02,CLI_0146,Forros_Asiento,171705,2,WhatsApp,343410
FAC_1070,2026-02-23,CLI_0273,Forros_Asiento,171873,1,Tienda Física,171873
FAC_2101,2025-09-02,CLI_0090,Forros_Asiento,164366,1,Tienda Física,164366
FAC_1362,2026-01-05,CLI_0239,Cubre_Volantes,46308,1,Tienda Física,46308
FAC_1116,2026-04-25,CLI_0216,Cubre_Volantes,45299,1,Tienda Física,45299
FAC_1732,2025-11-24,CLI_0027,Forros_Asiento,176788,1,Tienda Física,176788
FAC_2186,2025-12-02,CLI_0214,Tapetes,88301,1,WhatsApp,88301
FAC_2005,2026-05-29,CLI_0186,Accesorios,26562,1,WhatsApp,26562
FAC_1788,2025-11-28,CLI_0037,Tapetes,69173,1,WhatsApp,69173
FAC_2093,2026-07-19,CLI_0019,Forros_Asiento,145539,1,Tienda Física,145539
FAC_1292,2025-10-08,CLI_0231,Forros_Asiento,120297,1,WhatsApp,120297
FAC_1927,2026-06-20,CLI_0085,Tapetes,76736,2,WhatsApp,153472
FAC_1215,2025-10-29,CLI_0296,Forros_Asiento,144736,1,Tienda Física,144736
FAC_1477,2026-03-24,CLI_0221,Forros_Asiento,155936,1,WhatsApp,155936
FAC_1741,2026-06-21,CLI_0071,Cubre_Volantes,45290,1,Tienda Física,45290
FAC_1634,2025-11-16,CLI_0182,Forros_Asiento,59435,1,WhatsApp,59435
FAC_1541,2026-04-03,CLI_0057,Forros_Asiento,119872,1,Tienda Física,119872
FAC_1197,2025-11-12,CLI_0153,Tapetes,78252,1,Tienda Física,78252
FAC_1532,2025-12-27,CLI_0109,Tapetes,77716,1,WhatsApp,77716
FAC_2081,2025-09-18,CLI_0118,Tapetes,86518,1,Tienda Física,86518
FAC_1208,2025-11-21,CLI_0258,Cubre_Volantes,43557,1,Tienda Física,43557
FAC_1786,2026-07-26,CLI_0081,Tapetes,87757,1,WhatsApp,87757
FAC_1884,2026-01-07,CLI_0214,Accesorios,24844,1,WhatsApp,24844
FAC_1572,2025-10-29,CLI_0109,Forros_Asiento,136493,1,Tienda Física,136493
FAC_1706,2026-02-26,CLI_0027,Forros_Asiento,106433,1,WhatsApp,106433
FAC_1290,2025-12-01,CLI_0072,Tapetes,81939,1,Tienda Física,81939
FAC_1451,2026-02-19,CLI_0038,Accesorios,23107,1,Tienda Física,23107
FAC_1873,2026-04-20,CLI_0179,Tapetes,79484,1,Web,79484
FAC_1884,2026-03-09,CLI_0204,Forros_Asiento,161392,1,Tienda Física,161392
FAC_2084,2025-08-21,CLI_0166,Forros_Asiento,141375,1,Tienda Física,141375
FAC_1764,2026-02-25,CLI_0140,Accesorios,26031,1,Web,26031
FAC_1804,2025-10-16,CLI_0108,Accesorios,28805,1,Web,28805
FAC_1798,2026-05-23,CLI_0045,Tapetes,84965,1,WhatsApp,84965
FAC_1763,2025-11-11,CLI_0004,Cubre_Volantes,50429,1,Tienda Física,50429
FAC_2097,2026-04-02,CLI_0219,Accesorios,27272,1,Tienda Física,27272
FAC_2076,2025-11-09,CLI_0168,Forros_Asiento,128497,1,WhatsApp,128497
FAC_1976,2025-10-27,CLI_0258,Tapetes,81630,1,Tienda Física,81630
FAC_2024,2026-01-28,CLI_0216,Accesorios,23835,1,Web,23835
FAC_1095,2026-05-08,CLI_0057,Accesorios,27850,3,WhatsApp,83550
FAC_1135,2026-03-02,CLI_0005,Tapetes,83295,1,Tienda Física,83295
FAC_1834,2026-01-24,CLI_0116,Accesorios,25460,1,Tienda Física,25460
FAC_1551,2025-08-16,CLI_0066,Forros_Asiento,149289,1,Web,149289
FAC_1195,2026-02-02,CLI_0199,Forros_Asiento,143253,1,Tienda Física,143253
FAC_1971,2025-12-22,CLI_0238,Tapetes,80721,1,WhatsApp,80721
FAC_1756,2026-07-12,CLI_0252,Accesorios,23974,1,Tienda Física,23974
FAC_1713,2026-02-16,CLI_0114,Tapetes,78368,2,Tienda Física,156736
FAC_1553,2025-09-23,CLI_0243,Forros_Asiento,139912,1,Tienda Física,139912
FAC_1330,2026-06-03,CLI_0082,Tapetes,88429,1,Tienda Física,88429
FAC_1138,2026-05-31,CLI_0002,Forros_Asiento,144681,3,Tienda Física,434043
FAC_2186,2025-11-08,CLI_0181,Tapetes,87509,1,Tienda Física,87509
FAC_1059,2026-05-04,CLI_0128,Accesorios,21552,2,Tienda Física,43104
FAC_1645,2025-11-30,CLI_0226,Accesorios,24239,1,Web,24239
FAC_2172,2025-11-03,CLI_0064,Tapetes,108512,1,Tienda Física,108512
FAC_1996,2026-04-12,CLI_0011,Tapetes,77344,1,Tienda Física,77344
FAC_1897,2026-07-28,CLI_0223,Tapetes,91488,1,Tienda Física,91488
FAC_1253,2025-11-14,CLI_0123,Forros_Asiento,154088,1,WhatsApp,154088
FAC_1594,2025-08-02,CLI_0191,Forros_Asiento,148122,2,Tienda Física,296244
FAC_1074,2025-11-15,CLI_0069,Accesorios,24067,2,WhatsApp,48134
FAC_1627,2025-11-27,CLI_0085,Tapetes,79098,1,Tienda Física,79098
FAC_1316,2026-05-09,CLI_0218,Cubre_Volantes,43421,1,WhatsApp,43421
FAC_1675,2026-04-03,CLI_0013,Tapetes,88647,1,Tienda Física,88647
FAC_1531,2025-11-10,CLI_0166,Forros_Asiento,86926,1,Tienda Física,86926
FAC_1454,2026-03-03,CLI_0199,Tapetes,78756,1,Tienda Física,78756
FAC_2169,2026-07-30,CLI_0249,Forros_Asiento,146812,2,Tienda Física,293624
FAC_1474,2025-09-07,CLI_0080,Tapetes,94421,2,WhatsApp,188842
FAC_1235,2025-09-03,CLI_0232,Forros_Asiento,158614,1,Tienda Física,158614
FAC_1129,2025-08-11,CLI_0225,Tapetes,83589,1,Tienda Física,83589
FAC_1578,2025-09-11,CLI_0220,Forros_Asiento,125530,1,WhatsApp,125530
FAC_1640,2026-05-08,CLI_0283,Tapetes,87722,2,WhatsApp,175444
FAC_2197,2026-06-07,CLI_0087,Forros_Asiento,159415,2,WhatsApp,318830
FAC_1612,2025-08-08,CLI_0066,Forros_Asiento,178008,2,Tienda Física,356016
FAC_1494,2026-07-27,CLI_0103,Tapetes,89869,2,Web,179738
FAC_1560,2025-09-27,CLI_0216,Tapetes,89424,1,Tienda Física,89424
FAC_1760,2026-02-27,CLI_0028,Tapetes,88575,1,Tienda Física,88575
FAC_1870,2025-10-22,CLI_0115,Tapetes,97468,1,Web,97468
FAC_1160,2026-04-02,CLI_0049,Cubre_Volantes,37506,1,WhatsApp,37506
FAC_1895,2026-06-20,CLI_0132,Forros_Asiento,160357,1,Tienda Física,160357
FAC_2200,2026-01-09,CLI_0188,Tapetes,85789,1,Tienda Física,85789
FAC_1610,2025-10-07,CLI_0181,Tapetes,99333,1,Tienda Física,99333
FAC_1719,2026-05-27,CLI_0169,Forros_Asiento,140560,1,Tienda Física,140560
FAC_1383,2026-05-11,CLI_0188,Forros_Asiento,146088,1,Tienda Física,146088
FAC_1109,2025-12-18,CLI_0059,Accesorios,27726,2,WhatsApp,55452
FAC_2135,2025-12-18,CLI_0123,Forros_Asiento,136460,1,Web,136460
FAC_1695,2025-09-11,CLI_0247,Forros_Asiento,134397,3,Tienda Física,403191
FAC_1362,2026-07-21,CLI_0171,Tapetes,84021,1,Tienda Física,84021
FAC_1280,2026-04-16,CLI_0100,Tapetes,22784,2,WhatsApp,45568
FAC_1749,2026-03-01,CLI_0170,Forros_Asiento,129974,1,Tienda Física,129974
FAC_1398,2026-04-18,CLI_0172,Forros_Asiento,134915,1,WhatsApp,134915
FAC_1321,2025-12-13,CLI_0020,Tapetes,48684,1,WhatsApp,48684
FAC_1709,2025-08-04,CLI_0092,Cubre_Volantes,41911,1,Tienda Física,41911
FAC_1450,2025-11-24,CLI_0069,Forros_Asiento,159318,2,Web,318636
FAC_1999,2026-06-05,CLI_0030,Cubre_Volantes,42720,1,Tienda Física,42720
FAC_1881,2026-04-29,CLI_0163,Tapetes,89548,1,WhatsApp,89548
FAC_1332,2026-06-29,CLI_0256,Tapetes,139012,1,Web,139012
FAC_1735,2025-08-15,CLI_0255,Forros_Asiento,150003,2,Tienda Física,300006
FAC_1981,2026-04-25,CLI_0204,Forros_Asiento,163172,1,Tienda Física,163172
FAC_1316,2026-05-16,CLI_0114,Forros_Asiento,129922,2,Tienda Física,259844
FAC_2001,2025-12-01,CLI_0115,Forros_Asiento,163425,1,WhatsApp,163425
FAC_1133,2026-02-08,CLI_0211,Forros_Asiento,28604,1,Tienda Física,28604
FAC_1408,2025-11-16,CLI_0170,Forros_Asiento,132431,3,WhatsApp,397293
FAC_1793,2025-09-15,CLI_0072,Accesorios,22112,1,Tienda Física,22112
FAC_1618,2025-12-17,CLI_0022,Tapetes,82390,2,WhatsApp,164780
FAC_1312,2025-12-29,CLI_0018,Forros_Asiento,140200,1,Tienda Física,140200
FAC_1443,2025-12-13,CLI_0134,Tapetes,67852,1,WhatsApp,67852
FAC_1683,2026-04-17,CLI_0072,Tapetes,90417,2,WhatsApp,180834
FAC_1788,2025-11-13,CLI_0150,Forros_Asiento,139430,1,Tienda Física,139430
FAC_1996,2026-05-11,CLI_0233,Forros_Asiento,153691,1,Tienda Física,153691
FAC_1103,2026-05-14,CLI_0269,Forros_Asiento,149316,1,Web,149316
FAC_1363,2025-11-28,CLI_0120,Cubre_Volantes,43673,1,WhatsApp,43673
FAC_2116,2025-09-12,CLI_0210,Forros_Asiento,171214,2,Web,342428
FAC_1833,2025-09-14,CLI_0293,Forros_Asiento,45097,1,Tienda Física,45097
FAC_1934,2025-11-09,CLI_0174,Forros_Asiento,51619,1,WhatsApp,51619
FAC_1754,2026-04-05,CLI_0192,Tapetes,83267,2,WhatsApp,166534
FAC_1435,2026-06-15,CLI_0029,Forros_Asiento,145897,2,Tienda Física,291794
FAC_1552,2026-01-08,CLI_0198,Accesorios,26443,1,Tienda Física,26443
FAC_1866,2025-09-30,CLI_0168,Forros_Asiento,153568,1,Tienda Física,153568
FAC_1116,2026-07-31,CLI_0214,Forros_Asiento,141750,1,Web,141750
FAC_1743,2026-01-10,CLI_0161,Forros_Asiento,120343,2,Tienda Física,240686
FAC_2017,2026-06-17,CLI_0101,Forros_Asiento,160842,1,WhatsApp,160842
FAC_1263,2026-06-10,CLI_0255,Tapetes,119504,3,WhatsApp,358512
FAC_1959,2025-12-19,CLI_0026,Tapetes,87875,1,Tienda Física,87875
FAC_1800,2025-10-14,CLI_0013,Forros_Asiento,134308,1,Tienda Física,134308
FAC_1428,2026-03-04,CLI_0094,Tapetes,86973,1,Tienda Física,86973
FAC_1721,2025-08-30,CLI_0069,Tapetes,91530,1,Tienda Física,91530
FAC_2077,2025-08-03,CLI_0137,Tapetes,89969,1,Tienda Física,89969
FAC_2180,2026-07-22,CLI_0015,Forros_Asiento,156554,1,Tienda Física,156554
FAC_1711,2026-02-16,CLI_0280,Tapetes,91639,1,WhatsApp,91639
FAC_1981,2026-03-13,CLI_0016,Forros_Asiento,141794,1,Tienda Física,141794
FAC_1770,2025-09-25,CLI_0079,Forros_Asiento,167315,1,Tienda Física,167315
FAC_1354,2026-03-14,CLI_0077,Forros_Asiento,149636,2,WhatsApp,299272
FAC_1372,2026-02-13,CLI_0073,Forros_Asiento,151204,1,Tienda Física,151204
FAC_1161,2026-05-16,CLI_0120,Tapetes,72204,1,Tienda Física,72204
FAC_1258,2026-07-25,CLI_0011,Forros_Asiento,146015,1,Tienda Física,146015
FAC_1085,2025-08-11,CLI_0080,Forros_Asiento,121621,1,WhatsApp,121621
FAC_1348,2025-11-16,CLI_0291,Accesorios,23843,1,Tienda Física,23843
FAC_1231,2025-10-01,CLI_0297,Cubre_Volantes,38720,1,Tienda Física,38720
FAC_2027,2026-07-07,CLI_0259,Forros_Asiento,145000,1,Tienda Física,145000
FAC_1518,2025-08-30,CLI_0226,Forros_Asiento,151732,1,Tienda Física,151732
FAC_2034,2025-11-27,CLI_0199,Tapetes,89711,2,Tienda Física,179422
FAC_1015,2026-07-10,CLI_0106,Accesorios,26569,1,Tienda Física,26569
FAC_2121,2026-05-09,CLI_0024,Tapetes,81026,1,Web,81026
FAC_1639,2026-05-02,CLI_0037,Cubre_Volantes,48060,1,WhatsApp,48060
FAC_1108,2026-01-30,CLI_0053,Tapetes,81784,1,Tienda Física,81784
FAC_1597,2026-02-08,CLI_0100,Forros_Asiento,151678,1,WhatsApp,151678
FAC_1471,2026-02-07,CLI_0165,Forros_Asiento,176183,2,WhatsApp,352366
FAC_1381,2025-08-02,CLI_0166,Tapetes,83312,1,WhatsApp,83312
FAC_1435,2025-08-14,CLI_0123,Forros_Asiento,19554,1,WhatsApp,19554
FAC_1550,2025-11-26,CLI_0181,Cubre_Volantes,47335,1,WhatsApp,47335
FAC_2093,2026-05-09,CLI_0151,Tapetes,91940,1,Tienda Física,91940
FAC_1743,2026-07-14,CLI_0101,Forros_Asiento,111397,1,WhatsApp,111397
FAC_1351,2025-08-15,CLI_0043,Forros_Asiento,123568,1,Tienda Física,123568
FAC_1412,2025-12-11,CLI_0135,Tapetes,20387,2,Tienda Física,40774
FAC_1456,2026-04-26,CLI_0283,Forros_Asiento,139262,1,Tienda Física,139262
FAC_2135,2026-04-05,CLI_0047,Tapetes,95252,1,Tienda Física,95252
FAC_1677,2026-02-15,CLI_0234,Tapetes,85455,2,Tienda Física,170910
FAC_1877,2025-10-09,CLI_0220,Cubre_Volantes,41300,1,Tienda Física,41300
FAC_1579,2025-10-23,CLI_0100,Tapetes,82839,1,WhatsApp,82839
FAC_1669,2026-01-31,CLI_0175,Accesorios,24020,1,Tienda Física,24020
FAC_1451,2025-08-02,CLI_0190,Forros_Asiento,22067,1,Tienda Física,22067
FAC_1335,2026-07-22,CLI_0007,Forros_Asiento,146998,1,Tienda Física,146998
FAC_1297,2026-07-30,CLI_0250,Forros_Asiento,113764,1,WhatsApp,113764
FAC_1063,2025-10-31,CLI_0263,Tapetes,92569,1,WhatsApp,92569
FAC_1357,2025-10-05,CLI_0009,Forros_Asiento,160869,1,WhatsApp,160869
FAC_1438,2025-12-28,CLI_0078,Tapetes,88802,1,Tienda Física,88802
FAC_2171,2025-10-16,CLI_0104,Tapetes,80732,1,Tienda Física,80732
FAC_1238,2026-06-20,CLI_0022,Forros_Asiento,148914,2,Tienda Física,297828
FAC_1724,2026-06-15,CLI_0262,Forros_Asiento,45014,2,Tienda Física,90028
FAC_1414,2025-11-19,CLI_0201,Forros_Asiento,129110,2,WhatsApp,258220
FAC_1672,2025-08-19,CLI_0111,Tapetes,89909,2,WhatsApp,179818
FAC_1125,2026-07-11,CLI_0257,Tapetes,85350,2,WhatsApp,170700
FAC_1330,2025-12-23,CLI_0190,Cubre_Volantes,40153,2,Tienda Física,80306
FAC_1582,2026-01-22,CLI_0008,Accesorios,27584,1,Tienda Física,27584
FAC_2044,2026-06-23,CLI_0219,Tapetes,86999,1,Tienda Física,86999
FAC_1299,2025-10-11,CLI_0161,Forros_Asiento,166306,1,Tienda Física,166306
FAC_1883,2026-05-24,CLI_0113,Tapetes,77125,1,WhatsApp,77125
FAC_1534,2026-06-01,CLI_0010,Forros_Asiento,147995,1,WhatsApp,147995
FAC_1053,2026-06-03,CLI_0177,Forros_Asiento,161701,1,Tienda Física,161701
FAC_1301,2025-09-29,CLI_0218,Accesorios,26778,3,Tienda Física,80334
FAC_1470,2026-07-29,CLI_0253,Forros_Asiento,171983,1,Tienda Física,171983
FAC_2180,2026-01-30,CLI_0235,Forros_Asiento,170164,2,WhatsApp,340328
FAC_1169,2025-10-30,CLI_0225,Accesorios,24399,2,Tienda Física,48798
FAC_1039,2026-07-04,CLI_0062,Cubre_Volantes,46868,1,Web,46868
FAC_2074,2026-03-20,CLI_0292,Tapetes,90667,1,WhatsApp,90667
FAC_1553,2026-06-11,CLI_0114,Cubre_Volantes,54778,2,Tienda Física,109556
FAC_1938,2025-10-01,CLI_0276,Forros_Asiento,150209,1,Web,150209
FAC_1403,2026-07-21,CLI_0270,Tapetes,88647,1,Tienda Física,88647
FAC_1717,2025-10-02,CLI_0099,Forros_Asiento,158000,1,WhatsApp,158000
FAC_1931,2025-12-12,CLI_0167,Accesorios,25638,1,Tienda Física,25638
FAC_1392,2026-03-03,CLI_0091,Tapetes,83551,1,WhatsApp,83551
FAC_1045,2025-08-20,CLI_0155,Forros_Asiento,179377,1,Tienda Física,179377
FAC_1516,2025-12-30,CLI_0123,Forros_Asiento,88648,2,WhatsApp,177296
FAC_1187,2025-09-22,CLI_0166,Tapetes,85895,1,Tienda Física,85895
FAC_1468,2025-09-11,CLI_0079,Forros_Asiento,138198,2,Tienda Física,276396
FAC_1731,2026-04-26,CLI_0224,Tapetes,91321,1,Tienda Física,91321
FAC_1454,2025-10-06,CLI_0244,Accesorios,28257,1,WhatsApp,28257
FAC_1786,2025-11-30,CLI_0221,Tapetes,89061,1,Tienda Física,89061
FAC_1326,2026-04-18,CLI_0178,Forros_Asiento,151296,1,Web,151296
FAC_1975,2026-07-25,CLI_0034,Tapetes,70467,1,Tienda Física,70467
FAC_1461,2025-10-02,CLI_0135,Forros_Asiento,149986,1,Tienda Física,149986
FAC_1513,2025-08-04,CLI_0113,Accesorios,26844,1,Tienda Física,26844
FAC_1376,2025-11-05,CLI_0177,Tapetes,78481,1,WhatsApp,78481
FAC_1245,2026-03-10,CLI_0190,Tapetes,89108,2,WhatsApp,178216
FAC_1874,2026-04-12,CLI_0204,Accesorios,26819,3,Tienda Física,80457
FAC_1670,2026-01-15,CLI_0083,Tapetes,104882,1,Web,104882
FAC_1941,2026-04-07,CLI_0171,Forros_Asiento,149136,1,Tienda Física,149136
FAC_1943,2025-12-12,CLI_0129,Accesorios,21043,2,Tienda Física,42086
FAC_1025,2026-06-07,CLI_0127,Tapetes,83237,2,Tienda Física,166474
FAC_1123,2026-03-13,CLI_0280,Forros_Asiento,45859,1,Tienda Física,45859
FAC_1772,2026-03-06,CLI_0141,Forros_Asiento,158827,2,WhatsApp,317654
FAC_1102,2026-03-21,CLI_0159,Tapetes,88337,1,WhatsApp,88337
FAC_1819,2026-07-23,CLI_0075,Tapetes,78266,2,WhatsApp,156532
FAC_1733,2026-02-13,CLI_0077,Tapetes,89857,1,Web,89857
FAC_1317,2025-08-14,CLI_0077,Accesorios,24152,1,WhatsApp,24152
FAC_2198,2026-01-07,CLI_0026,Forros_Asiento,144908,1,Tienda Física,144908
FAC_1455,2026-01-21,CLI_0194,Forros_Asiento,161199,1,WhatsApp,161199
FAC_1169,2026-04-09,CLI_0153,Forros_Asiento,149411,1,WhatsApp,149411
FAC_1799,2026-07-10,CLI_0139,Tapetes,91789,1,Tienda Física,91789
FAC_1937,2026-05-07,CLI_0153,Tapetes,86991,2,Tienda Física,173982
FAC_1320,2025-11-28,CLI_0161,Forros_Asiento,173307,1,Tienda Física,173307
FAC_1763,2025-11-03,CLI_0272,Accesorios,25546,1,Tienda Física,25546
FAC_1919,2026-02-08,CLI_0275,Forros_Asiento,150086,2,Web,300172
FAC_1569,2025-08-05,CLI_0046,Accesorios,25636,1,Tienda Física,25636
FAC_1008,2025-10-03,CLI_0152,Accesorios,22533,1,WhatsApp,22533
FAC_1433,2026-07-23,CLI_0191,Tapetes,64393,1,Tienda Física,64393
FAC_1848,2026-02-15,CLI_0177,Forros_Asiento,152241,2,Tienda Física,304482
FAC_1791,2026-02-24,CLI_0226,Cubre_Volantes,45466,1,Tienda Física,45466
FAC_1118,2025-10-28,CLI_0022,Forros_Asiento,141067,1,WhatsApp,141067
FAC_1122,2025-11-20,CLI_0216,Forros_Asiento,73579,1,Tienda Física,73579
FAC_2026,2026-02-14,CLI_0036,Tapetes,109953,1,Tienda Física,109953
FAC_1843,2025-10-04,CLI_0287,Tapetes,84350,1,Tienda Física,84350
FAC_1349,2026-07-15,CLI_0109,Tapetes,84954,1,WhatsApp,84954
FAC_2032,2026-04-10,CLI_0071,Tapetes,27048,1,Tienda Física,27048
FAC_1667,2025-11-22,CLI_0084,Tapetes,72360,1,Tienda Física,72360
FAC_1781,2026-07-02,CLI_0065,Forros_Asiento,137767,1,Tienda Física,137767
FAC_1618,2026-01-05,CLI_0149,Tapetes,95646,1,WhatsApp,95646
FAC_1583,2025-09-09,CLI_0286,Forros_Asiento,140123,1,Tienda Física,140123
FAC_1120,2026-02-06,CLI_0238,Forros_Asiento,169361,3,WhatsApp,508083
FAC_1146,2026-03-09,CLI_0186,Accesorios,25033,1,Tienda Física,25033
FAC_1474,2026-02-20,CLI_0138,Forros_Asiento,134427,2,WhatsApp,268854
FAC_1165,2025-11-13,CLI_0288,Forros_Asiento,165403,1,Tienda Física,165403
FAC_1072,2026-02-03,CLI_0106,Accesorios,28116,1,Tienda Física,28116
FAC_1984,2025-11-22,CLI_0022,Tapetes,79161,2,Tienda Física,158322
FAC_1738,2025-09-05,CLI_0168,Accesorios,25198,2,Tienda Física,50396
FAC_1530,2026-04-06,CLI_0299,Tapetes,72675,1,Tienda Física,72675
FAC_2080,2025-10-15,CLI_0272,Forros_Asiento,134822,2,WhatsApp,269644
FAC_1640,2025-11-20,CLI_0192,Forros_Asiento,145913,2,Tienda Física,291826
FAC_1836,2026-05-22,CLI_0082,Forros_Asiento,147297,2,Tienda Física,294594
FAC_1287,2025-10-16,CLI_0077,Tapetes,88791,1,Web,88791
FAC_2012,2026-07-12,CLI_0125,Forros_Asiento,166262,1,WhatsApp,166262
FAC_1050,2026-06-14,CLI_0105,Accesorios,28949,1,Tienda Física,28949
FAC_1228,2026-04-22,CLI_0236,Tapetes,74697,1,Tienda Física,74697
FAC_1274,2025-11-26,CLI_0188,Accesorios,22486,1,Tienda Física,22486
FAC_1298,2025-09-18,CLI_0048,Forros_Asiento,144792,2,Tienda Física,289584
FAC_1173,2025-12-24,CLI_0104,Accesorios,25315,1,Tienda Física,25315
FAC_1934,2025-12-28,CLI_0167,Forros_Asiento,161997,1,Tienda Física,161997
FAC_1562,2025-08-10,CLI_0138,Tapetes,68009,1,WhatsApp,68009
FAC_1664,2026-01-26,CLI_0231,Cubre_Volantes,45873,2,WhatsApp,91746
FAC_1655,2026-07-13,CLI_0099,Forros_Asiento,177868,2,Tienda Física,355736
FAC_2176,2026-07-03,CLI_0197,Accesorios,25630,2,Tienda Física,51260
FAC_1358,2026-06-15,CLI_0130,Forros_Asiento,165772,1,Tienda Física,165772
FAC_1458,2026-07-24,CLI_0290,Forros_Asiento,147644,2,Web,295288
FAC_1404,2025-09-28,CLI_0194,Forros_Asiento,47739,1,Tienda Física,47739
FAC_1523,2026-06-30,CLI_0008,Forros_Asiento,145014,2,Web,290028
FAC_2173,2026-07-11,CLI_0139,Forros_Asiento,137038,1,Tienda Física,137038
FAC_1528,2025-08-27,CLI_0196,Cubre_Volantes,39011,1,Tienda Física,39011
FAC_1008,2026-05-11,CLI_0241,Forros_Asiento,45462,1,Tienda Física,45462
FAC_1646,2026-05-29,CLI_0056,Tapetes,72923,2,Web,145846
FAC_1866,2025-08-17,CLI_0023,Cubre_Volantes,45280,1,WhatsApp,45280
FAC_1535,2026-07-29,CLI_0077,Forros_Asiento,137478,1,Tienda Física,137478
FAC_1159,2026-05-29,CLI_0297,Forros_Asiento,127026,2,Tienda Física,254052
FAC_1346,2026-02-13,CLI_0105,Forros_Asiento,178282,1,Tienda Física,178282
FAC_1687,2026-03-06,CLI_0270,Forros_Asiento,167379,1,Tienda Física,167379
FAC_1877,2026-07-17,CLI_0253,Forros_Asiento,150508,1,Tienda Física,150508
FAC_1779,2026-03-22,CLI_0031,Forros_Asiento,89266,2,WhatsApp,178532
FAC_1854,2026-03-24,CLI_0253,Forros_Asiento,138431,1,Tienda Física,138431
FAC_1539,2025-11-16,CLI_0228,Forros_Asiento,130287,2,WhatsApp,260574
FAC_1455,2025-12-31,CLI_0165,Accesorios,18489,1,Tienda Física,18489
FAC_1899,2026-06-19,CLI_0136,Tapetes,39440,2,WhatsApp,78880
FAC_1980,2025-10-04,CLI_0139,Tapetes,83503,1,Tienda Física,83503
FAC_1484,2026-07-22,CLI_0088,Tapetes,74500,1,Web,74500
FAC_1746,2025-11-27,CLI_0266,Forros_Asiento,94266,1,WhatsApp,94266
FAC_1012,2026-03-05,CLI_0084,Forros_Asiento,164280,3,Tienda Física,492840
FAC_1837,2026-03-22,CLI_0043,Forros_Asiento,139987,2,Tienda Física,279974
FAC_1739,2026-02-02,CLI_0059,Forros_Asiento,142765,2,WhatsApp,285530
FAC_1217,2025-11-13,CLI_0289,Accesorios,25102,1,Web,25102
FAC_1264,2026-02-22,CLI_0234,Forros_Asiento,144318,3,WhatsApp,432954
FAC_2176,2026-06-21,CLI_0066,Forros_Asiento,136514,1,Tienda Física,136514
FAC_1307,2026-07-08,CLI_0133,Accesorios,21617,1,Tienda Física,21617
FAC_1086,2025-10-20,CLI_0270,Tapetes,83069,1,WhatsApp,83069
FAC_1864,2026-04-18,CLI_0111,Tapetes,100457,1,Tienda Física,100457
FAC_1258,2026-07-24,CLI_0083,Tapetes,71363,1,Tienda Física,71363
FAC_2125,2026-05-12,CLI_0131,Forros_Asiento,138810,1,Tienda Física,138810
FAC_1308,2025-09-11,CLI_0251,Forros_Asiento,173237,2,WhatsApp,346474
FAC_1533,2025-09-29,CLI_0052,Forros_Asiento,146705,1,Tienda Física,146705
FAC_1813,2025-08-08,CLI_0128,Forros_Asiento,76027,1,WhatsApp,76027
FAC_1893,2026-05-18,CLI_0140,Forros_Asiento,139318,3,Web,417954
FAC_1683,2026-04-23,CLI_0011,Cubre_Volantes,47703,1,WhatsApp,47703
FAC_1430,2026-05-07,CLI_0105,Accesorios,24606,1,Web,24606
FAC_1891,2025-10-28,CLI_0289,Tapetes,76112,1,Tienda Física,76112
FAC_1661,2026-03-19,CLI_0207,Tapetes,76828,1,Tienda Física,76828
FAC_1599,2025-11-13,CLI_0183,Tapetes,81200,1,Tienda Física,81200
FAC_1831,2026-07-18,CLI_0215,Forros_Asiento,152119,1,Tienda Física,152119
FAC_1124,2026-07-28,CLI_0093,Tapetes,79320,1,Tienda Física,79320
FAC_1620,2026-07-23,CLI_0103,Tapetes,92143,3,Tienda Física,276429
FAC_1476,2026-05-19,CLI_0152,Accesorios,23389,1,Tienda Física,23389
FAC_1621,2026-04-16,CLI_0128,Tapetes,84937,1,WhatsApp,84937
FAC_2064,2026-03-07,CLI_0254,Forros_Asiento,166873,1,WhatsApp,166873
FAC_1513,2025-10-22,CLI_0119,Accesorios,29049,1,Tienda Física,29049
FAC_1815,2025-12-06,CLI_0168,Tapetes,92284,1,Tienda Física,92284
FAC_2155,2025-12-20,CLI_0016,Accesorios,23722,1,Tienda Física,23722
FAC_1295,2026-06-06,CLI_0242,Tapetes,89519,1,Tienda Física,89519
FAC_1119,2026-07-23,CLI_0234,Tapetes,84573,1,Web,84573
FAC_1491,2026-01-31,CLI_0096,Forros_Asiento,152271,1,Tienda Física,152271
FAC_1715,2025-08-01,CLI_0225,Tapetes,96333,1,Tienda Física,96333
FAC_1551,2026-05-17,CLI_0147,Forros_Asiento,154895,2,Tienda Física,309790
FAC_1881,2026-03-08,CLI_0026,Tapetes,91464,1,WhatsApp,91464
FAC_1916,2026-06-10,CLI_0184,Tapetes,102413,1,Tienda Física,102413
FAC_1666,2026-03-23,CLI_0299,Forros_Asiento,26216,1,WhatsApp,26216
FAC_1530,2026-03-18,CLI_0111,Forros_Asiento,147669,1,Tienda Física,147669
FAC_2095,2025-12-10,CLI_0027,Forros_Asiento,154994,1,Tienda Física,154994
FAC_1640,2025-09-18,CLI_0138,Accesorios,22622,1,Tienda Física,22622
FAC_1206,2025-10-15,CLI_0223,Cubre_Volantes,44619,1,Tienda Física,44619
FAC_1232,2025-10-08,CLI_0023,Forros_Asiento,146833,2,Tienda Física,293666
FAC_1958,2026-07-18,CLI_0203,Tapetes,87819,1,Tienda Física,87819
FAC_1479,2026-03-25,CLI_0079,Forros_Asiento,150398,1,Tienda Física,150398
FAC_1927,2025-09-25,CLI_0280,Tapetes,159437,1,WhatsApp,159437
FAC_1381,2025-08-09,CLI_0043,Tapetes,68923,2,Tienda Física,137846
FAC_2069,2026-07-24,CLI_0031,Forros_Asiento,85496,1,Tienda Física,85496
FAC_1980,2026-07-06,CLI_0217,Forros_Asiento,136982,1,Tienda Física,136982
FAC_1148,2026-06-20,CLI_0222,Accesorios,20491,1,WhatsApp,20491
FAC_1348,2025-08-26,CLI_0157,Accesorios,25986,1,Tienda Física,25986
FAC_1884,2025-08-12,CLI_0187,Accesorios,25473,2,Tienda Física,50946
FAC_1717,2026-02-24,CLI_0293,Tapetes,94920,1,Tienda Física,94920
FAC_1803,2026-04-12,CLI_0292,Forros_Asiento,116875,1,Tienda Física,116875
FAC_1539,2026-07-16,CLI_0065,Tapetes,85981,1,Tienda Física,85981
FAC_1437,2025-10-25,CLI_0257,Tapetes,41753,1,Tienda Física,41753
FAC_2189,2025-08-21,CLI_0002,Cubre_Volantes,44796,1,WhatsApp,44796
FAC_2185,2026-01-27,CLI_0049,Tapetes,77465,1,Tienda Física,77465
FAC_2046,2026-07-24,CLI_0178,Cubre_Volantes,42665,2,Tienda Física,85330
FAC_2166,2025-11-19,CLI_0148,Tapetes,78573,2,Tienda Física,157146
FAC_2008,2025-10-26,CLI_0065,Cubre_Volantes,45482,1,Tienda Física,45482
FAC_1216,2026-04-16,CLI_0061,Forros_Asiento,26385,1,Tienda Física,26385
FAC_1357,2025-10-07,CLI_0031,Accesorios,27033,2,Tienda Física,54066
FAC_1514,2026-06-08,CLI_0237,Tapetes,88842,1,Tienda Física,88842
FAC_2014,2025-12-26,CLI_0119,Forros_Asiento,169343,1,Tienda Física,169343
FAC_1835,2025-10-04,CLI_0132,Cubre_Volantes,43718,1,Tienda Física,43718
FAC_1154,2026-01-04,CLI_0081,Cubre_Volantes,46007,1,Web,46007
FAC_1182,2026-03-10,CLI_0168,Forros_Asiento,155682,2,Tienda Física,311364
FAC_1453,2025-09-07,CLI_0002,Tapetes,74026,1,Tienda Física,74026
FAC_1440,2026-07-22,CLI_0195,Tapetes,124345,1,Tienda Física,124345
FAC_1953,2026-01-08,CLI_0054,Forros_Asiento,167188,2,Tienda Física,334376
FAC_1488,2026-01-22,CLI_0203,Cubre_Volantes,53253,1,Tienda Física,53253
FAC_2086,2025-09-24,CLI_0287,Tapetes,24943,1,Tienda Física,24943
FAC_1397,2026-03-11,CLI_0107,Accesorios,20588,1,WhatsApp,20588
FAC_1022,2025-12-29,CLI_0268,Forros_Asiento,163955,1,Tienda Física,163955
FAC_1838,2025-11-04,CLI_0164,Tapetes,74564,1,Tienda Física,74564
FAC_1902,2025-10-15,CLI_0257,Forros_Asiento,120793,1,WhatsApp,120793
FAC_1884,2026-03-12,CLI_0113,Tapetes,69115,1,Tienda Física,69115
FAC_1496,2025-10-23,CLI_0028,Accesorios,26530,1,Tienda Física,26530
FAC_1236,2025-10-02,CLI_0186,Tapetes,82154,1,Tienda Física,82154
FAC_1017,2025-12-27,CLI_0285,Forros_Asiento,147620,1,Tienda Física,147620
FAC_2089,2026-02-18,CLI_0241,Forros_Asiento,151605,1,Tienda Física,151605
FAC_2032,2026-05-11,CLI_0233,Tapetes,95804,1,Tienda Física,95804
FAC_1850,2026-05-20,CLI_0041,Tapetes,85819,1,Tienda Física,85819
FAC_2035,2025-08-10,CLI_0247,Tapetes,77243,1,WhatsApp,77243
FAC_1491,2026-05-15,CLI_0278,Tapetes,78732,1,Tienda Física,78732
FAC_1309,2026-02-13,CLI_0159,Tapetes,76638,1,WhatsApp,76638
FAC_1346,2025-09-29,CLI_0138,Tapetes,84403,1,Tienda Física,84403
FAC_1900,2025-10-31,CLI_0087,Tapetes,85225,1,WhatsApp,85225
FAC_1044,2026-07-25,CLI_0120,Tapetes,152631,1,Tienda Física,152631
FAC_1420,2025-09-19,CLI_0097,Forros_Asiento,157145,1,WhatsApp,157145
FAC_1653,2026-04-05,CLI_0121,Forros_Asiento,157587,3,Tienda Física,472761
FAC_2013,2026-01-30,CLI_0054,Tapetes,84016,1,WhatsApp,84016
FAC_1623,2026-06-26,CLI_0173,Tapetes,80249,1,Tienda Física,80249
FAC_1286,2026-05-30,CLI_0042,Forros_Asiento,167714,1,Tienda Física,167714
FAC_1240,2025-12-20,CLI_0137,Accesorios,24605,1,WhatsApp,24605
FAC_1240,2025-12-11,CLI_0141,Cubre_Volantes,40690,2,Tienda Física,81380
FAC_2184,2025-12-01,CLI_0203,Forros_Asiento,166574,1,Tienda Física,166574
FAC_2000,2026-06-08,CLI_0281,Tapetes,88261,1,Tienda Física,88261
FAC_1925,2026-06-25,CLI_0221,Forros_Asiento,152048,1,Tienda Física,152048
FAC_1596,2025-10-10,CLI_0087,Accesorios,26757,1,Web,26757
FAC_1726,2026-04-08,CLI_0223,Tapetes,81211,3,Tienda Física,243633
FAC_1952,2026-07-07,CLI_0128,Forros_Asiento,71834,1,WhatsApp,71834
FAC_1818,2025-10-26,CLI_0289,Accesorios,23076,1,Tienda Física,23076
FAC_1649,2025-11-06,CLI_0057,Forros_Asiento,165007,1,WhatsApp,165007
FAC_1807,2025-08-19,CLI_0270,Forros_Asiento,160287,1,WhatsApp,160287
FAC_2042,2025-10-07,CLI_0125,Forros_Asiento,128892,1,Tienda Física,128892
FAC_1725,2025-10-09,CLI_0278,Tapetes,78516,2,Tienda Física,157032
FAC_1845,2026-01-20,CLI_0008,Forros_Asiento,179870,1,Tienda Física,179870
FAC_1595,2025-10-21,CLI_0297,Accesorios,22285,3,WhatsApp,66855
FAC_1637,2025-12-29,CLI_0178,Accesorios,27346,1,Tienda Física,27346
FAC_1111,2026-02-17,CLI_0272,Cubre_Volantes,50186,1,WhatsApp,50186
FAC_1863,2025-09-30,CLI_0160,Accesorios,26052,2,Tienda Física,52104
FAC_1195,2026-06-10,CLI_0145,Forros_Asiento,121385,1,Web,121385
FAC_1878,2026-07-19,CLI_0210,Tapetes,103517,1,Web,103517
FAC_2199,2026-01-30,CLI_0226,Accesorios,31230,1,WhatsApp,31230
FAC_1148,2025-09-05,CLI_0272,Accesorios,27362,1,Tienda Física,27362
FAC_1078,2026-05-15,CLI_0209,Forros_Asiento,160224,1,Tienda Física,160224
FAC_2088,2026-01-31,CLI_0268,Forros_Asiento,158829,2,WhatsApp,317658
FAC_1816,2025-10-04,CLI_0007,Tapetes,103717,1,WhatsApp,103717
FAC_1680,2025-10-09,CLI_0207,Tapetes,91380,1,WhatsApp,91380
FAC_1397,2026-04-14,CLI_0010,Forros_Asiento,150128,1,WhatsApp,150128
FAC_1064,2026-05-20,CLI_0163,Cubre_Volantes,45221,2,Tienda Física,90442
FAC_1025,2026-01-25,CLI_0292,Forros_Asiento,144880,1,Tienda Física,144880
FAC_2136,2025-08-26,CLI_0208,Forros_Asiento,168030,1,Tienda Física,168030
FAC_1574,2026-05-28,CLI_0112,Tapetes,79212,1,Tienda Física,79212
FAC_2185,2025-08-13,CLI_0189,Forros_Asiento,138100,1,Web,138100
FAC_1683,2025-09-06,CLI_0040,Tapetes,88386,1,Tienda Física,88386
FAC_2081,2025-11-28,CLI_0188,Forros_Asiento,82204,2,Tienda Física,164408
FAC_1564,2026-07-03,CLI_0090,Forros_Asiento,153495,1,Tienda Física,153495
FAC_1012,2025-11-08,CLI_0056,Forros_Asiento,86530,1,WhatsApp,86530
FAC_1767,2026-04-17,CLI_0281,Forros_Asiento,185067,1,Tienda Física,185067
FAC_1623,2026-07-08,CLI_0018,Forros_Asiento,137306,2,WhatsApp,274612
FAC_1404,2025-09-15,CLI_0055,Accesorios,25052,1,WhatsApp,25052
FAC_1477,2026-04-23,CLI_0022,Tapetes,81714,1,Tienda Física,81714
FAC_1300,2025-12-23,CLI_0163,Forros_Asiento,166348,1,Tienda Física,166348
FAC_2038,2026-07-29,CLI_0172,Cubre_Volantes,38643,2,Tienda Física,77286
FAC_2032,2026-07-12,CLI_0086,Cubre_Volantes,35373,1,Tienda Física,35373
FAC_1322,2025-08-15,CLI_0033,Tapetes,72493,1,Tienda Física,72493
FAC_1369,2026-02-15,CLI_0144,Tapetes,78429,1,WhatsApp,78429
FAC_2079,2025-12-22,CLI_0159,Tapetes,74656,2,WhatsApp,149312
FAC_1785,2026-04-01,CLI_0056,Accesorios,24603,1,Tienda Física,24603
FAC_2190,2025-09-19,CLI_0235,Tapetes,97726,2,Tienda Física,195452
FAC_1597,2026-03-08,CLI_0121,Accesorios,24595,1,Tienda Física,24595
FAC_1966,2026-07-17,CLI_0166,Forros_Asiento,86668,1,Tienda Física,86668
FAC_1828,2026-07-05,CLI_0105,Forros_Asiento,84100,2,Tienda Física,168200
FAC_2125,2025-11-01,CLI_0111,Tapetes,84480,1,WhatsApp,84480
FAC_1523,2026-08-01,CLI_0060,Forros_Asiento,130832,2,Tienda Física,261664
FAC_2036,2026-06-30,CLI_0232,Tapetes,69734,1,Tienda Física,69734
FAC_1085,2025-09-11,CLI_0296,Tapetes,91183,2,WhatsApp,182366
FAC_2034,2026-03-18,CLI_0004,Tapetes,102466,1,Tienda Física,102466
FAC_1355,2026-01-31,CLI_0216,Tapetes,81723,1,WhatsApp,81723
FAC_1901,2026-04-04,CLI_0107,Forros_Asiento,142442,1,Web,142442
FAC_1442,2025-10-31,CLI_0247,Tapetes,95578,1,Tienda Física,95578
FAC_1860,2026-06-30,CLI_0021,Accesorios,27400,1,WhatsApp,27400
FAC_1084,2025-12-19,CLI_0127,Tapetes,78839,1,Tienda Física,78839
FAC_1755,2026-06-08,CLI_0215,Cubre_Volantes,46310,1,Tienda Física,46310
FAC_1044,2026-07-25,CLI_0051,Forros_Asiento,156560,1,Tienda Física,156560
FAC_1084,2026-03-31,CLI_0168,Tapetes,87280,1,Tienda Física,87280
FAC_2182,2025-12-12,CLI_0079,Accesorios,26263,2,Tienda Física,52526
FAC_2037,2025-08-18,CLI_0207,Forros_Asiento,189568,1,Tienda Física,189568
FAC_1380,2026-04-11,CLI_0236,Forros_Asiento,161384,1,Web,161384
FAC_1811,2026-07-03,CLI_0258,Cubre_Volantes,47822,2,Web,95644
FAC_1248,2026-01-26,CLI_0293,Cubre_Volantes,47898,1,Web,47898
FAC_1671,2025-08-23,CLI_0297,Tapetes,74721,1,WhatsApp,74721
FAC_1773,2025-12-20,CLI_0091,Tapetes,23514,1,Tienda Física,23514
FAC_1205,2026-06-25,CLI_0163,Forros_Asiento,119634,1,Tienda Física,119634
FAC_1875,2026-04-26,CLI_0149,Tapetes,88502,1,Tienda Física,88502
FAC_1913,2025-12-01,CLI_0139,Accesorios,22759,2,Tienda Física,45518
FAC_1288,2025-09-22,CLI_0276,Tapetes,36236,2,Tienda Física,72472
FAC_2156,2025-11-16,CLI_0163,Tapetes,102627,1,Tienda Física,102627
FAC_1356,2025-08-25,CLI_0138,Tapetes,93036,1,WhatsApp,93036
FAC_1121,2025-12-02,CLI_0029,Forros_Asiento,138223,1,Tienda Física,138223
FAC_2078,2026-03-12,CLI_0243,Accesorios,26537,1,Tienda Física,26537
FAC_2059,2025-09-11,CLI_0082,Forros_Asiento,148281,1,Tienda Física,148281
FAC_1589,2025-09-08,CLI_0192,Accesorios,23356,1,Web,23356
FAC_1710,2026-07-07,CLI_0229,Accesorios,25686,1,WhatsApp,25686
FAC_2041,2025-12-16,CLI_0032,Forros_Asiento,147845,1,Web,147845
FAC_1526,2026-05-15,CLI_0136,Tapetes,79567,2,Tienda Física,159134
FAC_1936,2025-09-22,CLI_0180,Tapetes,102769,2,Tienda Física,205538
